{
  "case_id": "CQ500CT345",
  "residual": {
    "rz_eyes_rad": 0.02229451874871343,
    "rz_ears_rad": 0.005957994269648755,
    "ry_eyes_rad": 0.015529510485239777,
    "ry_ears_rad": 0.0011582591561446417,
    "rx_om_rad": 0.4982313952271866,
    "rz_eyes_deg": 1.2773818305765647,
    "rz_ears_deg": 0.341367926014003,
    "ry_eyes_deg": 0.8897754087083983,
    "ry_ears_deg": 0.06636336122947219,
    "rx_om_deg": 28.54655616743226,
    "centroids_zyx": {
      "eye_l": [
        51.05334013258542,
        244.94839367669556,
        181.45578786333505
      ],
      "eye_r": [
        52.16360529688168,
        243.3543357539513,
        109.9676420333191
      ],
      "ear_l": [
        12.95740851829634,
        172.6124775044991,
        209.60887822435512
      ],
      "ear_r": [
        12.816989381636477,
        173.33479075577765,
        88.37601499063085
      ],
      "eye_mid": [
        51.60847271473355,
        244.15136471532344,
        145.71171494832709
      ],
      "ear_mid": [
        12.887198949966407,
        172.97363413013838,
        148.99244660749298
      ]
    },
    "spacing_mm": 1.0
  }
}