{
  "case_id": "CQ500CT243",
  "residual": {
    "rz_eyes_rad": 0.05141958111189673,
    "rz_ears_rad": 0.07570648800575493,
    "ry_eyes_rad": 0.014487638137120808,
    "ry_ears_rad": 0.015163761357750407,
    "rx_om_rad": 0.1777647755194507,
    "rz_eyes_deg": 2.9461249820422872,
    "rz_ears_deg": 4.337662244487546,
    "ry_eyes_deg": 0.8300805203697965,
    "ry_ears_deg": 0.8688195273426652,
    "rx_om_deg": 10.185171383355021,
    "centroids_zyx": {
      "eye_l": [
        15.853298729681738,
        204.03373856030598,
        153.1034011747029
      ],
      "eye_r": [
        16.81148121899362,
        200.6301913536499,
        86.97009213323884
      ],
      "ear_l": [
        1.9194139194139195,
        130.53846153846155,
        172.57142857142858
      ],
      "ear_r": [
        3.514745308310992,
        122.55898123324397,
        67.37265415549598
      ],
      "eye_mid": [
        16.33238997433768,
        202.33196495697794,
        120.03674665397087
      ],
      "ear_mid": [
        2.7170796138624556,
        126.54872138585276,
        119.97204136346228
      ]
    },
    "spacing_mm": 1.0
  }
}