{
  "case_id": "CQ500CT96",
  "residual": {
    "rz_eyes_rad": 0.05176161321909031,
    "rz_ears_rad": 0.01763764877044887,
    "ry_eyes_rad": 0.008527005144423982,
    "ry_ears_rad": 0.01977829940982539,
    "rx_om_rad": 0.044278335978212624,
    "rz_eyes_deg": 2.965721978242446,
    "rz_ears_deg": 1.010562835080826,
    "ry_eyes_deg": 0.4885614066618352,
    "ry_ears_deg": 1.1332130821290818,
    "rx_om_deg": 2.5369617754138507,
    "centroids_zyx": {
      "eye_l": [
        7.125111866833721,
        165.46500805441204,
        141.957401109719
      ],
      "eye_r": [
        7.604531921931856,
        168.3777704267284,
        85.73503142573603
      ],
      "ear_l": [
        11.497900923593619,
        95.7825356842989,
        163.78253568429892
      ],
      "ear_r": [
        9.454965357967668,
        97.60431100846806,
        60.50423402617398
      ],
      "eye_mid": [
        7.364821894382788,
        166.92138924057022,
        113.84621626772751
      ],
      "ear_mid": [
        10.476433140780642,
        96.69342334638348,
        112.14338485523645
      ]
    },
    "spacing_mm": 1.0
  }
}