{
  "case_id": "CQ500CT337",
  "residual": {
    "rz_eyes_rad": 0.017836619977157405,
    "rz_ears_rad": 0.01999132017500653,
    "ry_eyes_rad": 0.08512105812051346,
    "ry_ears_rad": 0.08467438931253658,
    "rx_om_rad": 0.29161885804396226,
    "rz_eyes_deg": 1.02196304546985,
    "rz_ears_deg": 1.1454182729226086,
    "ry_eyes_deg": 4.877077377993205,
    "ry_ears_deg": 4.85148514045599,
    "rx_om_deg": 16.708529792343715,
    "centroids_zyx": {
      "eye_l": [
        28.68666196189132,
        217.45659844742414,
        156.93747353563867
      ],
      "eye_r": [
        34.474834437086095,
        216.24652317880793,
        89.1024834437086
      ],
      "ear_l": [
        6.160473882606355,
        148.88422186322026,
        185.6165858912224
      ],
      "ear_r": [
        16.960264900662253,
        151.42825607064017,
        58.376600441501104
      ],
      "eye_mid": [
        31.58074819948871,
        216.85156081311604,
        123.01997848967363
      ],
      "ear_mid": [
        11.560369391634303,
        150.15623896693023,
        121.99659316636175
      ]
    },
    "spacing_mm": 1.0
  }
}