{
  "case_id": "CQ500CT335",
  "residual": {
    "rz_eyes_rad": 0.03400569054026073,
    "rz_ears_rad": 0.05647348064365219,
    "ry_eyes_rad": 0.002623739437028596,
    "ry_ears_rad": 0.0024282745773060023,
    "rx_om_rad": 0.06101715782427819,
    "rz_eyes_deg": 1.9483825473848881,
    "rz_ears_deg": 3.235692095295018,
    "ry_eyes_deg": 0.15032919628376917,
    "ry_ears_deg": 0.13912988477854787,
    "rx_om_deg": 3.496025621214789,
    "centroids_zyx": {
      "eye_l": [
        4.884818067754078,
        201.73350062735258,
        152.66825595984943
      ],
      "eye_r": [
        4.728287841191067,
        199.70397022332506,
        93.0091811414392
      ],
      "ear_l": [
        9.513018322082932,
        124.56412729026037,
        176.88621022179365
      ],
      "ear_r": [
        9.768518518518519,
        118.61574074074075,
        71.6675925925926
      ],
      "eye_mid": [
        4.806552954472572,
        200.71873542533882,
        122.83871855064432
      ],
      "ear_mid": [
        9.640768420300725,
        121.58993401550056,
        124.27690140719312
      ]
    },
    "spacing_mm": 1.0
  }
}