{
  "case_id": "CQ500CT301",
  "residual": {
    "rz_eyes_rad": 0.00045615424434237604,
    "rz_ears_rad": 0.012960103111551685,
    "ry_eyes_rad": 0.005879580567820516,
    "ry_ears_rad": 0.008403057018040169,
    "rx_om_rad": 0.23905852407654082,
    "rz_eyes_deg": 0.02613571300779746,
    "rz_ears_deg": 0.7425592103462775,
    "ry_eyes_deg": 0.3368751518432477,
    "ry_ears_deg": 0.48145970214148853,
    "rx_om_deg": 13.697044486212365,
    "centroids_zyx": {
      "eye_l": [
        26.44578619550019,
        201.1074107029363,
        156.7002669378416
      ],
      "eye_r": [
        26.83442601876848,
        201.0772592878262,
        90.60110554055791
      ],
      "ear_l": [
        9.723739009717724,
        129.00323924109207,
        178.2008329477094
      ],
      "ear_r": [
        8.774368231046932,
        130.46750902527077,
        65.22427797833934
      ],
      "eye_mid": [
        26.640106107134336,
        201.09233499538124,
        123.65068623919976
      ],
      "ear_mid": [
        9.249053620382327,
        129.73537413318144,
        121.71255546302436
      ]
    },
    "spacing_mm": 1.0
  }
}