{
  "case_id": "CQ500CT317",
  "residual": {
    "rz_eyes_rad": 0.005509197873464058,
    "rz_ears_rad": 0.016519286431874024,
    "ry_eyes_rad": 0.012525232093140227,
    "ry_ears_rad": 0.02586215216219163,
    "rx_om_rad": 0.07192336197005966,
    "rz_eyes_deg": 0.3156537866519387,
    "rz_ears_deg": 0.9464853931141065,
    "ry_eyes_deg": 0.7176429363587451,
    "ry_ears_deg": 1.481792168018717,
    "rx_om_deg": 4.120905089276149,
    "centroids_zyx": {
      "eye_l": [
        13.383804973661643,
        178.12103393360283,
        145.28041161337742
      ],
      "eye_r": [
        12.602159275597863,
        178.4648247039703,
        82.8779893197121
      ],
      "ear_l": [
        8.597030209933436,
        98.6226318484383,
        168.99283154121864
      ],
      "ear_r": [
        5.779159265837774,
        96.82297217288337,
        60.05979869745411
      ],
      "eye_mid": [
        12.992982124629753,
        178.29292931878655,
        114.07920046654476
      ],
      "ear_mid": [
        7.188094737885605,
        97.72280201066084,
        114.52631511933637
      ]
    },
    "spacing_mm": 1.0
  }
}