{
  "case_id": "CQ500CT1",
  "residual": {
    "rz_eyes_rad": 0.03768242865654609,
    "rz_ears_rad": 0.019378386775950045,
    "ry_eyes_rad": 0.10025109244861086,
    "ry_ears_rad": 0.10077217880259176,
    "rx_om_rad": 0.14158836727302537,
    "rz_eyes_deg": 2.1590441238229197,
    "rz_ears_deg": 1.110299776034064,
    "ry_eyes_deg": 5.74396448888124,
    "ry_ears_deg": 5.7738205377262055,
    "rx_om_deg": 8.112415872892583,
    "centroids_zyx": {
      "eye_l": [
        29.923733003708282,
        233.29344870210136,
        177.16922126081582
      ],
      "eye_r": [
        23.159674234945705,
        235.82860315893387,
        109.92423494570582
      ],
      "ear_l": [
        22.163665254237287,
        157.7833686440678,
        212.04819915254237
      ],
      "ear_r": [
        9.380876494023905,
        160.23346613545817,
        85.62948207171314
      ],
      "eye_mid": [
        26.541703619326995,
        234.56102593051762,
        143.54672810326082
      ],
      "ear_mid": [
        15.772270874130596,
        159.008417389763,
        148.83884061212774
      ]
    },
    "spacing_mm": 1.0
  }
}