{
  "case_id": "CQ500CT125",
  "residual": {
    "rz_eyes_rad": 0.11757740470092622,
    "rz_ears_rad": 0.09147003013835735,
    "ry_eyes_rad": 0.02491216919083466,
    "ry_ears_rad": 0.07390756401231444,
    "rx_om_rad": 0.3945209319627674,
    "rz_eyes_deg": 6.736689055464717,
    "rz_ears_deg": 5.240846678862318,
    "ry_eyes_deg": 1.427362153150665,
    "ry_ears_deg": 4.234591491998586,
    "rx_om_deg": 22.604384331034474,
    "centroids_zyx": {
      "eye_l": [
        56.61419497376416,
        243.01657000828502,
        186.7058823529412
      ],
      "eye_r": [
        54.950540079590674,
        235.1299033541785,
        119.93888573052871
      ],
      "ear_l": [
        29.17091836734694,
        170.20663265306123,
        213.82227891156464
      ],
      "ear_r": [
        20.65759075907591,
        159.66006600660066,
        98.84323432343234
      ],
      "eye_mid": [
        55.78236752667742,
        239.07323668123178,
        153.32238404173495
      ],
      "ear_mid": [
        24.914254563211422,
        164.93334932983095,
        156.3327566174985
      ]
    },
    "spacing_mm": 1.0
  }
}