{
  "case_id": "CQ500CT145",
  "residual": {
    "rz_eyes_rad": 0.04253794161673055,
    "rz_ears_rad": 0.026854507200333628,
    "ry_eyes_rad": 0.027641762418529815,
    "ry_ears_rad": 0.03553381006332293,
    "rx_om_rad": 0.01330887984309026,
    "rz_eyes_deg": 2.4372445238125624,
    "rz_ears_deg": 1.5386499234827973,
    "ry_eyes_deg": 1.5837563248850894,
    "ry_ears_deg": 2.0359373466478963,
    "rx_om_deg": 0.7625426450558052,
    "centroids_zyx": {
      "eye_l": [
        6.2420733879586745,
        191.02547203420022,
        139.47933737085856
      ],
      "eye_r": [
        4.467140319715808,
        188.2930728241563,
        75.28368434407511
      ],
      "ear_l": [
        6.396432681242808,
        115.4620253164557,
        168.65765247410818
      ],
      "ear_r": [
        2.2964669738863286,
        112.36405529953917,
        53.324116743471585
      ],
      "eye_mid": [
        5.354606853837241,
        189.65927242917826,
        107.38151085746684
      ],
      "ear_mid": [
        4.346449827564568,
        113.91304030799743,
        110.99088460878988
      ]
    },
    "spacing_mm": 1.0
  }
}