{
  "case_id": "CQ500CT331",
  "residual": {
    "rz_eyes_rad": 0.03796901385437676,
    "rz_ears_rad": 0.031150071467383054,
    "ry_eyes_rad": 0.046118689169646496,
    "ry_ears_rad": 0.03743885957837019,
    "rx_om_rad": 0.055691388600721314,
    "rz_eyes_deg": 2.175464246129539,
    "rz_ears_deg": 1.784767626611936,
    "ry_eyes_deg": 2.6424062460964435,
    "ry_ears_deg": 2.1450886436235486,
    "rx_om_deg": 3.1908815220443145,
    "centroids_zyx": {
      "eye_l": [
        5.117922606924644,
        196.67291242362526,
        149.34541751527496
      ],
      "eye_r": [
        7.8466211085801065,
        198.91890660592256,
        90.22050113895216
      ],
      "ear_l": [
        0.5795454545454546,
        123.75,
        163.48863636363637
      ],
      "ear_r": [
        4.301645338208409,
        126.84643510054845,
        64.11700182815356
      ],
      "eye_mid": [
        6.482271857752375,
        197.7959095147739,
        119.78295932711356
      ],
      "ear_mid": [
        2.4405953963769322,
        125.29821755027422,
        113.80281909589496
      ]
    },
    "spacing_mm": 1.0
  }
}