{
  "case_id": "CQ500CT438",
  "residual": {
    "rz_eyes_rad": 0.05307200389914484,
    "rz_ears_rad": 0.055864337416587966,
    "ry_eyes_rad": 0.034737088312805205,
    "ry_ears_rad": 0.034656650098901454,
    "rx_om_rad": 0.04338408302049768,
    "rz_eyes_deg": 3.040801833722848,
    "rz_ears_deg": 3.200790759265259,
    "ry_eyes_deg": 1.9902885528969558,
    "ry_ears_deg": 1.9856797827287003,
    "rx_om_deg": 2.4857248551196935,
    "centroids_zyx": {
      "eye_l": [
        8.601158405172415,
        226.8587015086207,
        161.5501077586207
      ],
      "eye_r": [
        11.048001052077854,
        223.11835875854814,
        91.13953182535508
      ],
      "ear_l": [
        4.01958041958042,
        139.50209790209792,
        182.15944055944055
      ],
      "ear_r": [
        7.933372641509434,
        133.18926886792454,
        69.27417452830188
      ],
      "eye_mid": [
        9.824579728625135,
        224.98853013358442,
        126.34481979198789
      ],
      "ear_mid": [
        5.976476530544927,
        136.34568338501123,
        125.71680754387123
      ]
    },
    "spacing_mm": 1.0
  }
}