{
  "case_id": "CQ500CT400",
  "residual": {
    "rz_eyes_rad": 0.0663330749881151,
    "rz_ears_rad": 0.07481174971320895,
    "ry_eyes_rad": 0.02649652699770651,
    "ry_ears_rad": 0.033930407405070175,
    "rx_om_rad": 0.4754846004008675,
    "rz_eyes_deg": 3.8006052389437985,
    "rz_ears_deg": 4.28639751655592,
    "ry_eyes_deg": 1.5181391687230255,
    "ry_ears_deg": 1.9440691414699565,
    "rx_om_deg": 27.24326082643416,
    "centroids_zyx": {
      "eye_l": [
        36.66165029970667,
        219.77502869531946,
        160.0756281086596
      ],
      "eye_r": [
        38.528463351110005,
        224.4542974079127,
        89.63710777626194
      ],
      "ear_l": [
        5.175425610658771,
        158.5721687638786,
        184.75943745373797
      ],
      "ear_r": [
        9.519797809604043,
        168.16512215669755,
        56.770850884582984
      ],
      "eye_mid": [
        37.595056825408335,
        222.11466305161608,
        124.85636794246076
      ],
      "ear_mid": [
        7.347611710131407,
        163.36864546028806,
        120.76514416916048
      ]
    },
    "spacing_mm": 1.0
  }
}