{
  "case_id": "CQ500CT376",
  "residual": {
    "rz_eyes_rad": 0.07740604247746825,
    "rz_ears_rad": 0.06113942517395565,
    "ry_eyes_rad": 0.0355298756296703,
    "ry_ears_rad": 0.03606209493709149,
    "rx_om_rad": 0.3305520567036657,
    "rz_eyes_deg": 4.435039542769306,
    "rz_ears_deg": 3.503031024323558,
    "ry_eyes_deg": 2.035711920204826,
    "ry_ears_deg": 2.0662058402954364,
    "rx_om_deg": 18.939237758489117,
    "centroids_zyx": {
      "eye_l": [
        30.53923900118906,
        244.4344827586207,
        188.79131985731271
      ],
      "eye_r": [
        28.34362576199311,
        239.64351974556055,
        127.02107076596873
      ],
      "ear_l": [
        9.110761979575805,
        180.3707776904949,
        214.9324430479183
      ],
      "ear_r": [
        5.135930047694753,
        173.62639109697932,
        104.758346581876
      ],
      "eye_mid": [
        29.441432381591085,
        242.03900125209063,
        157.90619531164072
      ],
      "ear_mid": [
        7.123346013635279,
        176.9985843937371,
        159.84539481489713
      ]
    },
    "spacing_mm": 1.0
  }
}