{
  "case_id": "CQ500CT285",
  "residual": {
    "rz_eyes_rad": 0.03921837033694822,
    "rz_ears_rad": 0.008414833988545431,
    "ry_eyes_rad": 0.08173297168361875,
    "ry_ears_rad": 0.07359853757855139,
    "rx_om_rad": 0.07571513776087269,
    "rz_eyes_deg": 2.2470470996881935,
    "rz_ears_deg": 0.48213447284689015,
    "ry_eyes_deg": 4.682954324533621,
    "ry_ears_deg": 4.216885581585984,
    "rx_om_deg": 4.338157838949615,
    "centroids_zyx": {
      "eye_l": [
        9.193913148081318,
        235.0633946830266,
        163.359918200409
      ],
      "eye_r": [
        15.20313942751616,
        232.1849030470914,
        90.00103878116343
      ],
      "ear_l": [
        1.9681697612732096,
        156.8342175066313,
        182.48275862068965
      ],
      "ear_r": [
        10.702667534157449,
        155.8373454782043,
        64.01951854261549
      ],
      "eye_mid": [
        12.198526287798739,
        233.624148865059,
        126.68047849078621
      ],
      "ear_mid": [
        6.335418647715329,
        156.3357814924178,
        123.25113858165257
      ]
    },
    "spacing_mm": 1.0
  }
}