{
  "case_id": "CQ500CT223",
  "residual": {
    "rz_eyes_rad": 0.029532063522232883,
    "rz_ears_rad": 0.014712528224247333,
    "ry_eyes_rad": 0.0032820808353469398,
    "ry_ears_rad": 0.0015533187919124982,
    "rx_om_rad": 0.06740782914737808,
    "rz_eyes_deg": 1.6920626001361967,
    "rz_ears_deg": 0.8429657732164758,
    "ry_eyes_deg": 0.1880493798861513,
    "ry_ears_deg": 0.0889986110149459,
    "rx_om_deg": 3.8621841162836987,
    "centroids_zyx": {
      "eye_l": [
        6.5700063211125155,
        198.11298988621996,
        157.00126422250315
      ],
      "eye_r": [
        6.365336028297119,
        196.27084386053562,
        94.64156981640559
      ],
      "ear_l": [
        1.3664717348927875,
        121.17153996101365,
        184.46393762183237
      ],
      "ear_r": [
        1.1948051948051948,
        119.54545454545455,
        73.94805194805195
      ],
      "eye_mid": [
        6.467671174704817,
        197.1919168733778,
        125.82141701945437
      ],
      "ear_mid": [
        1.280638464848991,
        120.3584972532341,
        129.20599478494216
      ]
    },
    "spacing_mm": 1.0
  }
}