{
  "case_id": "CQ500CT28",
  "residual": {
    "rz_eyes_rad": 0.06773301402954043,
    "rz_ears_rad": 0.036204821600029365,
    "ry_eyes_rad": 0.01943898850538365,
    "ry_ears_rad": 2.2243775923543645e-05,
    "rx_om_rad": 0.016416672574787405,
    "rz_eyes_deg": 3.8808158375930604,
    "rz_ears_deg": 2.074383475705763,
    "ry_eyes_deg": 1.1137719993618032,
    "ry_ears_deg": 0.0012744744808537657,
    "rx_om_deg": 0.9406060521834847,
    "centroids_zyx": {
      "eye_l": [
        3.361286045740802,
        194.47928405701026,
        153.12230692741133
      ],
      "eye_r": [
        4.575911602209945,
        190.2411049723757,
        90.64618784530387
      ],
      "ear_l": [
        2.7107843137254903,
        117.62418300653594,
        174.07843137254903
      ],
      "ear_r": [
        2.713004484304933,
        114.00896860986548,
        74.26756352765321
      ],
      "eye_mid": [
        3.9685988239753733,
        192.36019451469298,
        121.8842473863576
      ],
      "ear_mid": [
        2.7118943990152116,
        115.81657580820071,
        124.17299745010112
      ]
    },
    "spacing_mm": 1.0
  }
}