{
  "case_id": "CQ500CT398",
  "residual": {
    "rz_eyes_rad": 0.0027517663886177596,
    "rz_ears_rad": 0.001579528065602192,
    "ry_eyes_rad": 0.006587690711791122,
    "ry_ears_rad": 0.005896558182124281,
    "rx_om_rad": 0.03902646666753773,
    "rz_eyes_deg": 0.15766460027375395,
    "rz_ears_deg": 0.09050029178146862,
    "ry_eyes_deg": 0.37744687452316444,
    "ry_ears_deg": 0.3378478974890543,
    "rx_om_deg": 2.2360518293578986,
    "centroids_zyx": {
      "eye_l": [
        8.529599777654253,
        208.22929405225125,
        174.02709838799333
      ],
      "eye_r": [
        8.988052843193566,
        208.03779437105112,
        104.43572659391154
      ],
      "ear_l": [
        5.772972972972973,
        122.97297297297297,
        198.0081081081081
      ],
      "ear_r": [
        5.087096774193548,
        122.78924731182796,
        81.69139784946236
      ],
      "eye_mid": [
        8.75882631042391,
        208.13354421165118,
        139.23141249095244
      ],
      "ear_mid": [
        5.43003487358326,
        122.88111014240047,
        139.84975297878523
      ]
    },
    "spacing_mm": 1.0
  }
}