{
  "case_id": "CQ500CT50",
  "residual": {
    "rz_eyes_rad": 0.08945539993424115,
    "rz_ears_rad": 0.11408384312897177,
    "ry_eyes_rad": 0.019068121680803688,
    "ry_ears_rad": 0.011899610577843844,
    "rx_om_rad": 0.26828840706568924,
    "rz_eyes_deg": 5.1254168708868795,
    "rz_ears_deg": 6.536522721922638,
    "ry_eyes_deg": 1.0925228955519528,
    "ry_ears_deg": 0.681797463959683,
    "rx_om_deg": 15.371793417151808,
    "centroids_zyx": {
      "eye_l": [
        24.56053341324543,
        215.3696433922685,
        160.70107881330537
      ],
      "eye_r": [
        25.789584503088154,
        209.58899494665917,
        96.2530881527232
      ],
      "ear_l": [
        6.279443254817987,
        147.76338329764454,
        187.27516059957173
      ],
      "ear_r": [
        4.938679245283019,
        134.85377358490567,
        74.60754716981133
      ],
      "eye_mid": [
        25.175058958166794,
        212.47931916946385,
        128.47708348301427
      ],
      "ear_mid": [
        5.6090612500505035,
        141.3085784412751,
        130.94135388469152
      ]
    },
    "spacing_mm": 1.0
  }
}