{
  "case_id": "CQ500CT484",
  "residual": {
    "rz_eyes_rad": 0.00379956047154634,
    "rz_ears_rad": 0.0036614490468215447,
    "ry_eyes_rad": 0.006380833880993221,
    "ry_ears_rad": 0.04326540009545322,
    "rx_om_rad": 0.008642112731565454,
    "rz_eyes_deg": 0.2176987790243422,
    "rz_ears_deg": 0.20978557728507266,
    "ry_eyes_deg": 0.36559485115499296,
    "ry_ears_deg": 2.4789248244143782,
    "rx_om_deg": 0.4951565855949759,
    "centroids_zyx": {
      "eye_l": [
        8.73401389479654,
        227.51765206295192,
        191.96143485041827
      ],
      "eye_r": [
        8.350752305452191,
        227.28943536644556,
        131.89775117294937
      ],
      "ear_l": [
        11.73388042203986,
        149.6113716295428,
        220.84056271981243
      ],
      "ear_r": [
        6.6991766941101965,
        149.18556048131728,
        104.5452818239392
      ],
      "eye_mid": [
        8.542383100124365,
        227.40354371469874,
        161.92959301168383
      ],
      "ear_mid": [
        9.216528558075028,
        149.39846605543005,
        162.69292227187583
      ]
    },
    "spacing_mm": 1.0
  }
}