{
  "case_id": "CQ500CT381",
  "residual": {
    "rz_eyes_rad": 0.08346941738108925,
    "rz_ears_rad": 0.08582987114649493,
    "ry_eyes_rad": 0.014236320896648936,
    "ry_ears_rad": 0.0064266293824676675,
    "rx_om_rad": 0.142355415581783,
    "rz_eyes_deg": 4.782445334352331,
    "rz_ears_deg": 4.91768937284584,
    "ry_eyes_deg": 0.8156811031718839,
    "ry_ears_deg": 0.36821874011016387,
    "rx_om_deg": 8.156364503667042,
    "centroids_zyx": {
      "eye_l": [
        13.69636410520887,
        195.93282619907168,
        151.8448942753997
      ],
      "eye_r": [
        12.821253546556616,
        201.07531596595305,
        90.37877224658241
      ],
      "ear_l": [
        3.1315789473684212,
        121.33157894736843,
        168.30701754385964
      ],
      "ear_r": [
        2.4919354838709675,
        129.8951612903226,
        68.77822580645162
      ],
      "eye_mid": [
        13.258808825882742,
        198.50407108251238,
        121.11183326099106
      ],
      "ear_mid": [
        2.8117572156196946,
        125.61337011884551,
        118.54262167515563
      ]
    },
    "spacing_mm": 1.0
  }
}