{
  "case_id": "CQ500CT208",
  "residual": {
    "rz_eyes_rad": 0.05645322061965372,
    "rz_ears_rad": 0.010878474099561183,
    "ry_eyes_rad": 0.027001399316262626,
    "ry_ears_rad": 0.033935502649947095,
    "rx_om_rad": 0.05938979829072277,
    "rz_eyes_deg": 3.2345312814270724,
    "rz_ears_deg": 0.6232906534472343,
    "ry_eyes_deg": 1.5470662217692752,
    "ry_ears_deg": 1.9443610774969897,
    "rx_om_deg": 3.4027847881916853,
    "centroids_zyx": {
      "eye_l": [
        14.539043540328336,
        198.95517487508923,
        158.82198429693076
      ],
      "eye_r": [
        12.827690447400242,
        202.53612454655382,
        95.45722490931077
      ],
      "ear_l": [
        10.83385579937304,
        119.40752351097179,
        183.87774294670845
      ],
      "ear_r": [
        6.934491978609626,
        120.65708556149733,
        69.01671122994652
      ],
      "eye_mid": [
        13.68336699386429,
        200.7456497108215,
        127.13960460312077
      ],
      "ear_mid": [
        8.884173888991333,
        120.03230453623456,
        126.44722708832748
      ]
    },
    "spacing_mm": 1.0
  }
}