{
  "case_id": "CQ500CT70",
  "residual": {
    "rz_eyes_rad": 0.13993018934355173,
    "rz_ears_rad": 0.15881561003376987,
    "ry_eyes_rad": 0.022829451782493244,
    "ry_ears_rad": 0.026243854198765317,
    "rx_om_rad": 0.027856667051910033,
    "rz_eyes_deg": 8.017409275852001,
    "rz_ears_deg": 9.099464175730542,
    "ry_eyes_deg": 1.3080312357342772,
    "ry_ears_deg": 1.5036620837459374,
    "rx_om_deg": 1.5960694533755821,
    "centroids_zyx": {
      "eye_l": [
        6.966413268832066,
        215.36475466482378,
        151.83731859018658
      ],
      "eye_r": [
        5.391042780748663,
        205.64689171122996,
        82.8432486631016
      ],
      "ear_l": [
        5.491209927611169,
        136.5480868665977,
        190.08117890382627
      ],
      "ear_r": [
        2.182170542635659,
        116.35788113695091,
        64.0219638242894
      ],
      "eye_mid": [
        6.178728024790365,
        210.50582318802685,
        117.3402836266441
      ],
      "ear_mid": [
        3.836690235123414,
        126.45298400177431,
        127.05157136405784
      ]
    },
    "spacing_mm": 1.0
  }
}