{
  "case_id": "CQ500CT322",
  "residual": {
    "rz_eyes_rad": 0.041614512010947555,
    "rz_ears_rad": 0.011938343329602983,
    "ry_eyes_rad": 0.017038227636345316,
    "ry_ears_rad": 0.0004680763587607184,
    "rx_om_rad": 0.13034681942892679,
    "rz_eyes_deg": 2.384335904723767,
    "rz_ears_deg": 0.6840166871644096,
    "ry_eyes_deg": 0.976218533945747,
    "ry_ears_deg": 0.02681879984684054,
    "rx_om_deg": 7.468322626231344,
    "centroids_zyx": {
      "eye_l": [
        14.387260260359733,
        232.11775812381993,
        174.74997515651395
      ],
      "eye_r": [
        15.518362432269717,
        229.35380292996186,
        108.37025888019265
      ],
      "ear_l": [
        4.653846153846154,
        153.0,
        195.1662087912088
      ],
      "ear_r": [
        4.703839122486289,
        151.72486288848262,
        88.36106032906764
      ],
      "eye_mid": [
        14.952811346314725,
        230.7357805268909,
        141.5601170183533
      ],
      "ear_mid": [
        4.678842638166222,
        152.3624314442413,
        141.7636345601382
      ]
    },
    "spacing_mm": 1.0
  }
}