{
  "case_id": "CQ500CT190",
  "residual": {
    "rz_eyes_rad": 0.009072412564365901,
    "rz_ears_rad": 0.012301011434450967,
    "ry_eyes_rad": 0.045456023721881136,
    "ry_ears_rad": 0.04950197917494624,
    "rx_om_rad": 0.562535137156063,
    "rz_eyes_deg": 0.5198109499396265,
    "rz_ears_deg": 0.7047960389362071,
    "ry_eyes_deg": 2.604438312710341,
    "ry_ears_deg": 2.8362544842689124,
    "rx_om_deg": 32.23088918685531,
    "centroids_zyx": {
      "eye_l": [
        52.13315450643777,
        202.88304721030042,
        159.37296137339055
      ],
      "eye_r": [
        55.18963604083444,
        203.49267643142477,
        92.17887261429206
      ],
      "ear_l": [
        7.991017964071856,
        136.24191616766467,
        184.82095808383232
      ],
      "ear_r": [
        13.977503628447025,
        134.755442670537,
        63.9854862119013
      ],
      "eye_mid": [
        53.6613952736361,
        203.1878618208626,
        125.7759169938413
      ],
      "ear_mid": [
        10.984260796259441,
        135.49867941910082,
        124.40322214786681
      ]
    },
    "spacing_mm": 1.0
  }
}