{
  "case_id": "CQ500CT437",
  "residual": {
    "rz_eyes_rad": 0.042920355101460916,
    "rz_ears_rad": 0.04563239493319894,
    "ry_eyes_rad": 0.005277757123919732,
    "ry_ears_rad": 0.0003365847735808851,
    "rx_om_rad": 0.16565709890975588,
    "rz_eyes_deg": 2.4591552025165027,
    "rz_ears_deg": 2.6145436387464613,
    "ry_eyes_deg": 0.3023932084957045,
    "ry_ears_deg": 0.01928488697455113,
    "rx_om_deg": 9.491452613910242,
    "centroids_zyx": {
      "eye_l": [
        22.04739336492891,
        198.50738778923892,
        153.70072483969892
      ],
      "eye_r": [
        22.397086340550654,
        195.66185511895216,
        87.44346431435446
      ],
      "ear_l": [
        9.985663082437275,
        126.70537634408602,
        181.8967741935484
      ],
      "ear_r": [
        10.025348542458808,
        121.3212927756654,
        63.99049429657795
      ],
      "eye_mid": [
        22.222239852739783,
        197.08462145409555,
        120.57209457702669
      ],
      "ear_mid": [
        10.005505812448042,
        124.01333455987572,
        122.94363424506318
      ]
    },
    "spacing_mm": 1.0
  }
}