{
  "case_id": "CQ500CT87",
  "residual": {
    "rz_eyes_rad": 0.052990720835573005,
    "rz_ears_rad": 0.0746403350323432,
    "ry_eyes_rad": 0.09663872118737825,
    "ry_ears_rad": 0.04205444054981478,
    "rx_om_rad": 0.15213932117234963,
    "rz_eyes_deg": 3.0361446572342885,
    "rz_ears_deg": 4.276576178795731,
    "ry_eyes_deg": 5.5369908615782615,
    "ry_ears_deg": 2.4095419532882163,
    "rx_om_deg": 8.716941001160961,
    "centroids_zyx": {
      "eye_l": [
        21.762745340081473,
        221.9245772126898,
        178.18010122207136
      ],
      "eye_r": [
        15.482954545454545,
        218.48863636363637,
        113.4003787878788
      ],
      "ear_l": [
        8.414156626506024,
        142.48995983935743,
        209.31425702811245
      ],
      "ear_r": [
        3.7211538461538463,
        134.15,
        97.78653846153846
      ],
      "eye_mid": [
        18.62284994276801,
        220.20660678816307,
        145.7902400049751
      ],
      "ear_mid": [
        6.067655236329935,
        138.3199799196787,
        153.55039774482546
      ]
    },
    "spacing_mm": 1.0
  }
}