{
  "case_id": "CQ500CT116",
  "residual": {
    "rz_eyes_rad": 0.04228173642191434,
    "rz_ears_rad": 0.03357808483939938,
    "ry_eyes_rad": 0.026492735249113237,
    "ry_ears_rad": 0.02994549856349072,
    "rx_om_rad": 0.009763401948715611,
    "rz_eyes_deg": 2.422565047460266,
    "rz_ears_deg": 1.923882545429799,
    "ry_eyes_deg": 1.517921917531656,
    "ry_ears_deg": 1.7157506831030878,
    "rx_om_deg": 0.5594017253512079,
    "centroids_zyx": {
      "eye_l": [
        12.76662580447441,
        203.0304934109715,
        154.83037082439472
      ],
      "eye_r": [
        11.103301540719002,
        200.3749082905356,
        92.0608950843727
      ],
      "ear_l": [
        14.361529548088065,
        126.90092699884126,
        180.1129779837775
      ],
      "ear_r": [
        11.005825242718446,
        123.1378640776699,
        68.08608414239482
      ],
      "eye_mid": [
        11.934963672596705,
        201.70270085075356,
        123.44563295438371
      ],
      "ear_mid": [
        12.683677395403254,
        125.01939553825558,
        124.09953106308618
      ]
    },
    "spacing_mm": 1.0
  }
}