{
  "case_id": "CQ500CT197",
  "residual": {
    "rz_eyes_rad": 0.011908332402457493,
    "rz_ears_rad": 0.00696490727689492,
    "ry_eyes_rad": 0.0016829375307434245,
    "ry_ears_rad": 0.00451812434402727,
    "rx_om_rad": 0.033276571203256555,
    "rz_eyes_deg": 0.6822971876996985,
    "rz_ears_deg": 0.39905979166603395,
    "ry_eyes_deg": 0.09642521769576645,
    "ry_ears_deg": 0.25886945622807617,
    "rx_om_deg": 1.9066070866131721,
    "centroids_zyx": {
      "eye_l": [
        14.812424527036093,
        198.70508520059036,
        152.40050986180063
      ],
      "eye_r": [
        14.712974213581747,
        198.00135007425408,
        93.30727690022951
      ],
      "ear_l": [
        11.98479427549195,
        122.14937388193202,
        179.63059033989268
      ],
      "ear_r": [
        12.493217054263566,
        122.93313953488372,
        67.10174418604652
      ],
      "eye_mid": [
        14.762699370308919,
        198.35321763742223,
        122.85389338101507
      ],
      "ear_mid": [
        12.239005664877759,
        122.54125670840787,
        123.3661672629696
      ]
    },
    "spacing_mm": 1.0
  }
}