{
  "case_id": "CQ500CT161",
  "residual": {
    "rz_eyes_rad": 0.03382230155308137,
    "rz_ears_rad": 0.01731394560274127,
    "ry_eyes_rad": 0.05279529707274464,
    "ry_ears_rad": 0.042156155988777526,
    "rx_om_rad": 0.0801629839392688,
    "rz_eyes_deg": 1.937875132410332,
    "rz_ears_deg": 0.9920160097561651,
    "ry_eyes_deg": 3.0249477004076577,
    "ry_ears_deg": 2.415369818652102,
    "rx_om_deg": 4.593000652895104,
    "centroids_zyx": {
      "eye_l": [
        8.1305257286292,
        191.16050760005578,
        154.36605773253382
      ],
      "eye_r": [
        11.50313864628821,
        189.00109170305677,
        90.54448689956332
      ],
      "ear_l": [
        1.771264367816092,
        117.36206896551724,
        174.64827586206897
      ],
      "ear_r": [
        6.037953795379538,
        115.61056105610561,
        73.496699669967
      ],
      "eye_mid": [
        9.816832187458704,
        190.08079965155628,
        122.45527231604856
      ],
      "ear_mid": [
        3.904609081597815,
        116.48631501081142,
        124.07248776601799
      ]
    },
    "spacing_mm": 1.0
  }
}