{
  "case_id": "CQ500CT415",
  "residual": {
    "rz_eyes_rad": 0.05426004161600669,
    "rz_ears_rad": 0.07575509657861518,
    "ry_eyes_rad": 0.03431516687076122,
    "ry_ears_rad": 0.005537005589564782,
    "rx_om_rad": 0.06356367050398593,
    "rz_eyes_deg": 3.1088713808013906,
    "rz_ears_deg": 4.3404473105605925,
    "ry_eyes_deg": 1.966114234981762,
    "ry_ears_deg": 0.3172470514224081,
    "rx_om_deg": 3.641930050238592,
    "centroids_zyx": {
      "eye_l": [
        5.12155782848151,
        219.71715184893785,
        172.98308418568055
      ],
      "eye_r": [
        7.188118811881188,
        216.44752475247526,
        112.78376237623762
      ],
      "ear_l": [
        10.58004158004158,
        147.985446985447,
        200.17775467775468
      ],
      "ear_r": [
        11.151321056845477,
        140.15452361889513,
        97.00400320256205
      ],
      "eye_mid": [
        6.15483832018135,
        218.08233830070657,
        142.88342328095908
      ],
      "ear_mid": [
        10.865681318443528,
        144.06998530217106,
        148.59087894015835
      ]
    },
    "spacing_mm": 1.0
  }
}