{
  "case_id": "CQ500CT13",
  "residual": {
    "rz_eyes_rad": 0.015448660456529803,
    "rz_ears_rad": 0.001937731615806686,
    "ry_eyes_rad": 0.015944688155491236,
    "ry_ears_rad": 0.013120519736707534,
    "rx_om_rad": 0.001656904756854427,
    "rz_eyes_deg": 0.8851430432898053,
    "rz_ears_deg": 0.11102384341478863,
    "ry_eyes_deg": 0.9135633369618812,
    "ry_ears_deg": 0.7517504059314398,
    "rx_om_deg": 0.09493364962290853,
    "centroids_zyx": {
      "eye_l": [
        1.7414965986394557,
        187.3968253968254,
        149.3310657596372
      ],
      "eye_r": [
        0.783001808318264,
        188.3254972875226,
        89.22242314647377
      ],
      "ear_l": [
        2.014705882352941,
        112.57352941176471,
        166.23529411764707
      ],
      "ear_r": [
        0.7589743589743589,
        112.75897435897436,
        70.53333333333333
      ],
      "eye_mid": [
        1.26224920347886,
        187.861161342174,
        119.27674445305549
      ],
      "ear_mid": [
        1.38684012066365,
        112.66625188536953,
        118.3843137254902
      ]
    },
    "spacing_mm": 1.0
  }
}