{
  "case_id": "CQ500CT282",
  "residual": {
    "rz_eyes_rad": 0.004015263650622794,
    "rz_ears_rad": 0.03959265601944907,
    "ry_eyes_rad": 0.03237054574112807,
    "ry_ears_rad": 0.03272206649353155,
    "rx_om_rad": 0.25897192680438375,
    "rz_eyes_deg": 0.23005766081297763,
    "rz_ears_deg": 2.2684920896276655,
    "ry_eyes_deg": 1.8546956515018198,
    "ry_ears_deg": 1.8748363070258025,
    "rx_om_deg": 14.837998418262066,
    "centroids_zyx": {
      "eye_l": [
        32.43782103271155,
        211.90281157069478,
        164.9241686942417
      ],
      "eye_r": [
        34.387053809270114,
        212.1445125199787,
        104.7289557805008
      ],
      "ear_l": [
        12.708771929824561,
        143.70526315789473,
        194.4519298245614
      ],
      "ear_r": [
        16.653475393201422,
        138.93150684931507,
        73.9431760527651
      ],
      "eye_mid": [
        33.41243742099083,
        212.02366204533672,
        134.82656223737126
      ],
      "ear_mid": [
        14.681123661512991,
        141.3183850036049,
        134.19755293866325
      ]
    },
    "spacing_mm": 1.0
  }
}