{
  "case_id": "CQ500CT310",
  "residual": {
    "rz_eyes_rad": 0.06917207325144788,
    "rz_ears_rad": 0.07112069385181356,
    "ry_eyes_rad": 0.09287619846059977,
    "ry_ears_rad": 0.0786770386226766,
    "rx_om_rad": 0.6325543214047133,
    "rz_eyes_deg": 3.963267857477737,
    "rz_ears_deg": 4.07491559375094,
    "ry_eyes_deg": 5.321414189011801,
    "ry_ears_deg": 4.50786225766714,
    "rx_om_deg": 36.24269292925187,
    "centroids_zyx": {
      "eye_l": [
        82.29703236202498,
        203.67100845978246,
        149.6217268698805
      ],
      "eye_r": [
        76.61862823592207,
        199.44729116626635,
        88.65812650120095
      ],
      "ear_l": [
        38.532724505327245,
        143.69634703196348,
        181.8234398782344
      ],
      "ear_r": [
        29.704361873990308,
        135.71890145395798,
        69.8449111470113
      ],
      "eye_mid": [
        79.45783029897353,
        201.55914981302442,
        119.13992668554073
      ],
      "ear_mid": [
        34.11854318965878,
        139.70762424296072,
        125.83417551262286
      ]
    },
    "spacing_mm": 1.0
  }
}