{
  "case_id": "CQ500CT344",
  "residual": {
    "rz_eyes_rad": 0.06467153073122422,
    "rz_ears_rad": 0.05427030035837988,
    "ry_eyes_rad": 0.004446399208315663,
    "ry_ears_rad": 0.01983085194553544,
    "rx_om_rad": 0.0704201625683396,
    "rz_eyes_deg": 3.705405765549751,
    "rz_ears_deg": 3.1094591634424864,
    "ry_eyes_deg": 0.254759908666798,
    "ry_ears_deg": 1.1362241206279782,
    "rx_om_deg": 4.034778107790999,
    "centroids_zyx": {
      "eye_l": [
        12.208801033078375,
        205.01122479388098,
        153.05542862819112
      ],
      "eye_r": [
        12.49459618785616,
        209.17380624877185,
        88.78021222244055
      ],
      "ear_l": [
        5.787793427230047,
        127.12863849765259,
        174.30046948356807
      ],
      "ear_r": [
        8.077106518282989,
        133.39904610492846,
        58.87360890302067
      ],
      "eye_mid": [
        12.351698610467267,
        207.09251552132642,
        120.91782042531584
      ],
      "ear_mid": [
        6.932449972756517,
        130.26384230129054,
        116.58703919329437
      ]
    },
    "spacing_mm": 1.0
  }
}