{
  "case_id": "CQ500CT409",
  "residual": {
    "rz_eyes_rad": 0.019323139933604686,
    "rz_ears_rad": 0.03196029871991081,
    "ry_eyes_rad": 0.0488452568148892,
    "ry_ears_rad": 0.03800596097892709,
    "rx_om_rad": 0.21018078668000806,
    "rz_eyes_deg": 1.1071343651362502,
    "rz_ears_deg": 1.8311902286282569,
    "ry_eyes_deg": 2.7986270647257734,
    "ry_ears_deg": 2.177581160431417,
    "rx_om_deg": 12.042472011503932,
    "centroids_zyx": {
      "eye_l": [
        26.357057843370626,
        198.8099262080457,
        155.63770530825994
      ],
      "eye_r": [
        23.300624005872997,
        197.60161507402424,
        93.11366695215955
      ],
      "ear_l": [
        10.812531839021906,
        123.777890983189,
        186.83138053998982
      ],
      "ear_r": [
        6.2757704569606805,
        119.96333687566418,
        67.51912858661
      ],
      "eye_mid": [
        24.82884092462181,
        198.20577064103497,
        124.37568613020974
      ],
      "ear_mid": [
        8.544151147991293,
        121.87061392942658,
        127.17525456329992
      ]
    },
    "spacing_mm": 1.0
  }
}