{
  "case_id": "CQ500CT184",
  "residual": {
    "rz_eyes_rad": 0.020410565817912826,
    "rz_ears_rad": 0.049784760740303864,
    "ry_eyes_rad": 0.029609856077065864,
    "ry_ears_rad": 0.04082613609780627,
    "rx_om_rad": 0.14683587449364977,
    "rz_eyes_deg": 1.169439278840388,
    "rz_ears_deg": 2.8524566744880073,
    "ry_eyes_deg": 1.6965197852056664,
    "ry_ears_deg": 2.3391652922309993,
    "rx_om_deg": 8.413075889598785,
    "centroids_zyx": {
      "eye_l": [
        13.802047375312462,
        186.60230924889893,
        146.56338531127247
      ],
      "eye_r": [
        15.62889253102318,
        187.86139077499413,
        84.88421915242333
      ],
      "ear_l": [
        1.548494983277592,
        110.65551839464882,
        168.84448160535118
      ],
      "ear_r": [
        6.041702127659574,
        116.13617021276596,
        58.848510638297874
      ],
      "eye_mid": [
        14.71546995316782,
        187.23185001194653,
        115.7238022318479
      ],
      "ear_mid": [
        3.7950985554685834,
        113.39584430370739,
        113.84649612182453
      ]
    },
    "spacing_mm": 1.0
  }
}