{
  "case_id": "CQ500CT183",
  "residual": {
    "rz_eyes_rad": 0.046044279971495454,
    "rz_ears_rad": 0.04426480444953615,
    "ry_eyes_rad": 0.042261987503117854,
    "ry_ears_rad": 0.012210084863490735,
    "rx_om_rad": 0.3003411128957141,
    "rz_eyes_deg": 2.638142913085436,
    "rz_ears_deg": 2.5361864759303288,
    "ry_eyes_deg": 2.421433517763281,
    "ry_ears_deg": 0.699586330174589,
    "rx_om_deg": 17.2082781831866,
    "centroids_zyx": {
      "eye_l": [
        90.36066891783246,
        209.85962373371925,
        152.08731307284128
      ],
      "eye_r": [
        87.59904988123516,
        206.85051464766428,
        86.78099762470309
      ],
      "ear_l": [
        65.5528233151184,
        132.97905282331513,
        177.42258652094716
      ],
      "ear_r": [
        64.21915584415585,
        128.14123376623377,
        68.2012987012987
      ],
      "eye_mid": [
        88.97985939953381,
        208.35506919069178,
        119.43415534877218
      ],
      "ear_mid": [
        64.88598957963713,
        130.56014329477443,
        122.81194261112293
      ]
    },
    "spacing_mm": 1.0
  }
}