{
  "case_id": "CQ500CT115",
  "residual": {
    "rz_eyes_rad": 0.0020534496771495653,
    "rz_ears_rad": 0.005449769682195926,
    "ry_eyes_rad": 0.04814610839024919,
    "ry_ears_rad": 0.03449294263549453,
    "rx_om_rad": 0.5167071821368698,
    "rz_eyes_deg": 0.11765399994317158,
    "rz_ears_deg": 0.31224880210817846,
    "ry_eyes_deg": 2.7585688107406803,
    "ry_ears_deg": 1.9763000360006913,
    "rx_om_deg": 29.605140780540165,
    "centroids_zyx": {
      "eye_l": [
        42.43183089139917,
        221.7748573985013,
        174.51414830555865
      ],
      "eye_r": [
        39.017954298150165,
        221.9203482045702,
        103.66235038084875
      ],
      "ear_l": [
        5.475635593220339,
        156.6959745762712,
        202.48411016949152
      ],
      "ear_r": [
        1.5871886120996441,
        156.08185053380782,
        89.79715302491103
      ],
      "eye_mid": [
        40.72489259477467,
        221.84760280153574,
        139.0882493432037
      ],
      "ear_mid": [
        3.5314121026599916,
        156.3889125550395,
        146.14063159720126
      ]
    },
    "spacing_mm": 1.0
  }
}