{
  "case_id": "CQ500CT123",
  "residual": {
    "rz_eyes_rad": 0.03339940131842241,
    "rz_ears_rad": 0.05835590790589013,
    "ry_eyes_rad": 0.03407280472512737,
    "ry_ears_rad": 0.01896648679294269,
    "rx_om_rad": 0.19225331436501536,
    "rz_eyes_deg": 1.9136447338092815,
    "rz_ears_deg": 3.3435472326616185,
    "ry_eyes_deg": 1.9522279069232076,
    "ry_ears_deg": 1.086699645426232,
    "rx_om_deg": 11.015303510517223,
    "centroids_zyx": {
      "eye_l": [
        25.950910774930534,
        169.7431305958629,
        135.51605433775856
      ],
      "eye_r": [
        23.88081014133761,
        167.713973480985,
        74.7843508669678
      ],
      "ear_l": [
        12.071428571428571,
        100.69365079365079,
        158.9126984126984
      ],
      "ear_r": [
        10.078410311493018,
        94.55531686358754,
        53.84425349087003
      ],
      "eye_mid": [
        24.91586045813407,
        168.72855203842397,
        105.15020260236318
      ],
      "ear_mid": [
        11.074919441460795,
        97.62448382861916,
        106.37847595178422
      ]
    },
    "spacing_mm": 1.0
  }
}