{
  "case_id": "CQ500CT468",
  "residual": {
    "rz_eyes_rad": 0.014365936959496655,
    "rz_ears_rad": 0.014099994236426548,
    "ry_eyes_rad": 0.08504927300004239,
    "ry_ears_rad": 0.0796777407550905,
    "rx_om_rad": 0.5078206589437775,
    "rz_eyes_deg": 0.8231075565301607,
    "rz_ears_deg": 0.807870160906027,
    "ry_eyes_deg": 4.872964393558374,
    "ry_ears_deg": 4.565198266404199,
    "rx_om_deg": 29.095980507030852,
    "centroids_zyx": {
      "eye_l": [
        44.889117043121146,
        205.2941478439425,
        154.63385523613962
      ],
      "eye_r": [
        50.003931379556825,
        204.4322134858232,
        94.63950440791041
      ],
      "ear_l": [
        9.920529801324504,
        146.66698202459793,
        178.46641438032165
      ],
      "ear_r": [
        19.28018757327081,
        145.01406799531065,
        61.2461899179367
      ],
      "eye_mid": [
        47.44652421133898,
        204.86318066488286,
        124.63667982202502
      ],
      "ear_mid": [
        14.600358687297657,
        145.8405250099543,
        119.85630214912918
      ]
    },
    "spacing_mm": 1.0
  }
}