{
  "case_id": "CQ500CT259",
  "residual": {
    "rz_eyes_rad": 0.0018509413998071716,
    "rz_ears_rad": 0.021860472546762957,
    "ry_eyes_rad": 0.0030781635378546615,
    "ry_ears_rad": 0.005239481730772642,
    "rx_om_rad": 0.0607098071437715,
    "rz_eyes_deg": 0.10605113033498766,
    "rz_ears_deg": 1.2525128150911196,
    "ry_eyes_deg": 0.17636577937013012,
    "ry_ears_deg": 0.30020019000917225,
    "rx_om_deg": 3.478415724391282,
    "centroids_zyx": {
      "eye_l": [
        6.193356643356643,
        190.72517482517483,
        143.2798951048951
      ],
      "eye_r": [
        6.003473428273706,
        190.8393539423411,
        81.59291420632164
      ],
      "ear_l": [
        1.5544303797468355,
        112.62278481012659,
        165.04050632911392
      ],
      "ear_r": [
        1.0,
        110.3092105263158,
        59.223684210526315
      ],
      "eye_mid": [
        6.098415035815174,
        190.78226438375796,
        112.43640465560837
      ],
      "ear_mid": [
        1.2772151898734179,
        111.46599766822119,
        112.13209526982013
      ]
    },
    "spacing_mm": 1.0
  }
}