{
  "case_id": "CQ500CT456",
  "residual": {
    "rz_eyes_rad": 0.08553309070332583,
    "rz_ears_rad": 0.06764143140630251,
    "ry_eyes_rad": 0.062010918632726446,
    "ry_ears_rad": 0.04192132420505336,
    "rx_om_rad": 0.024278907124518856,
    "rz_eyes_deg": 4.900685106010228,
    "rz_ears_deg": 3.8755685398047905,
    "ry_eyes_deg": 3.5529639213843827,
    "ry_ears_deg": 2.4019149485491784,
    "rx_om_deg": 1.391078909425036,
    "centroids_zyx": {
      "eye_l": [
        7.300776196636481,
        217.75937904269082,
        161.36287192755498
      ],
      "eye_r": [
        3.005477576172544,
        223.69085929476208,
        92.18486819582334
      ],
      "ear_l": [
        5.254901960784314,
        133.54901960784315,
        171.0392156862745
      ],
      "ear_r": [
        0.9849056603773585,
        140.4452830188679,
        69.24150943396226
      ],
      "eye_mid": [
        5.153126886404513,
        220.72511916872645,
        126.77387006168917
      ],
      "ear_mid": [
        3.119903810580836,
        136.99715131335552,
        120.14036256011838
      ]
    },
    "spacing_mm": 1.0
  }
}