{
  "case_id": "CQ500CT134",
  "residual": {
    "rz_eyes_rad": 0.0512039818059913,
    "rz_ears_rad": 0.04746700539127647,
    "ry_eyes_rad": 0.0055831036893022315,
    "ry_ears_rad": 0.003787029347797866,
    "rx_om_rad": 0.09339313372046298,
    "rz_eyes_deg": 2.933772051747956,
    "rz_ears_deg": 2.7196590750448664,
    "ry_eyes_deg": 0.3198882779809371,
    "ry_ears_deg": 0.21698079852099847,
    "rx_om_deg": 5.351032397683461,
    "centroids_zyx": {
      "eye_l": [
        12.890573500329598,
        215.9227642276423,
        170.8591518347616
      ],
      "eye_r": [
        12.546302539896606,
        212.7626432906271,
        109.19678579456057
      ],
      "ear_l": [
        5.274877650897227,
        139.6541598694943,
        196.86704730831974
      ],
      "ear_r": [
        5.686679174484053,
        134.48874296435272,
        88.12757973733584
      ],
      "eye_mid": [
        12.718438020113101,
        214.34270375913468,
        140.02796881466108
      ],
      "ear_mid": [
        5.48077841269064,
        137.0714514169235,
        142.4973135228278
      ]
    },
    "spacing_mm": 1.0
  }
}