{
  "case_id": "CQ500CT178",
  "residual": {
    "rz_eyes_rad": 0.026814017587144506,
    "rz_ears_rad": 0.04045629811771706,
    "ry_eyes_rad": 0.01918699657819058,
    "ry_ears_rad": 0.03901003393287609,
    "rx_om_rad": 0.056786323590152676,
    "rz_eyes_deg": 1.5363300395329433,
    "rz_ears_deg": 2.317975136868244,
    "ry_eyes_deg": 1.0993339254622725,
    "ry_ears_deg": 2.235110303015928,
    "rx_om_deg": 3.253616675779933,
    "centroids_zyx": {
      "eye_l": [
        14.156453226613307,
        189.4814907453727,
        151.13269134567284
      ],
      "eye_r": [
        13.053147779986746,
        187.93943008614977,
        93.63697813121273
      ],
      "ear_l": [
        11.362809917355372,
        116.47190082644629,
        175.25454545454545
      ],
      "ear_r": [
        7.4,
        112.36201550387597,
        73.72170542635659
      ],
      "eye_mid": [
        13.604800503300027,
        188.71046041576125,
        122.38483473844278
      ],
      "ear_mid": [
        9.381404958677686,
        114.41695816516113,
        124.48812544045103
      ]
    },
    "spacing_mm": 1.0
  }
}