{
  "case_id": "CQ500CT173",
  "residual": {
    "rz_eyes_rad": 0.09941383598422954,
    "rz_ears_rad": 0.02118587747202258,
    "ry_eyes_rad": 0.08727204434758414,
    "ry_ears_rad": 0.09925336442851515,
    "rx_om_rad": 0.3744253266018207,
    "rz_eyes_deg": 5.695993227102145,
    "rz_ears_deg": 1.2138613644281837,
    "ry_eyes_deg": 5.000319810595123,
    "ry_ears_deg": 5.686798884227812,
    "rx_om_deg": 21.452990957091757,
    "centroids_zyx": {
      "eye_l": [
        82.04292990540868,
        309.0374727140432,
        268.0198884307543
      ],
      "eye_r": [
        87.72759538598048,
        315.5179363670934,
        203.0480415768792
      ],
      "ear_l": [
        51.4265668849392,
        239.29747427502338,
        285.8830682881197
      ],
      "ear_r": [
        61.85923217550274,
        241.51736745886654,
        181.11700182815358
      ],
      "eye_mid": [
        84.88526264569458,
        312.27770454056827,
        235.53396500381675
      ],
      "ear_mid": [
        56.64289953022097,
        240.40742086694496,
        233.50003505813663
      ]
    },
    "spacing_mm": 1.0
  }
}