{
  "case_id": "CQ500CT107",
  "residual": {
    "rz_eyes_rad": 0.008373854381366425,
    "rz_ears_rad": 0.010513265396393487,
    "ry_eyes_rad": 0.016346161910502668,
    "ry_ears_rad": 0.019505267109354442,
    "rx_om_rad": 0.10671515046156044,
    "rz_eyes_deg": 0.47978651430942904,
    "rz_ears_deg": 0.6023657361142792,
    "ry_eyes_deg": 0.9365660887093054,
    "ry_ears_deg": 1.1175694836413488,
    "rx_om_deg": 6.114327731550972,
    "centroids_zyx": {
      "eye_l": [
        10.655766681396376,
        198.56528943879806,
        153.47646928855502
      ],
      "eye_r": [
        11.74379512635379,
        199.122630866426,
        86.920690433213
      ],
      "ear_l": [
        1.4962779156327544,
        117.38709677419355,
        174.5955334987593
      ],
      "ear_r": [
        3.5714285714285716,
        118.50549450549451,
        68.21978021978022
      ],
      "eye_mid": [
        11.199780903875084,
        198.84396015261203,
        120.19857986088401
      ],
      "ear_mid": [
        2.533853243530663,
        117.94629563984404,
        121.40765685926976
      ]
    },
    "spacing_mm": 1.0
  }
}