{
  "case_id": "CQ500CT211",
  "residual": {
    "rz_eyes_rad": 0.030056882614220893,
    "rz_ears_rad": 0.06179303791445011,
    "ry_eyes_rad": 0.015407164227159528,
    "ry_ears_rad": 0.03454441480477019,
    "rx_om_rad": 0.29295129645598994,
    "rz_eyes_deg": 1.7221325191149977,
    "rz_ears_deg": 3.5404802757898697,
    "ry_eyes_deg": 0.8827654844811818,
    "ry_ears_deg": 1.9792491740625695,
    "rx_om_deg": 16.784872889814014,
    "centroids_zyx": {
      "eye_l": [
        40.46128737433085,
        204.38412325368847,
        148.02637420028725
      ],
      "eye_r": [
        39.56679188580015,
        206.12952667167542,
        89.97385424492863
      ],
      "ear_l": [
        21.112903225806452,
        134.02277039848198,
        162.6223908918406
      ],
      "ear_r": [
        17.755597014925375,
        140.03358208955223,
        65.47294776119404
      ],
      "eye_mid": [
        40.0140396300655,
        205.25682496268195,
        119.00011422260795
      ],
      "ear_mid": [
        19.434250120365913,
        137.02817624401712,
        114.04766932651732
      ]
    },
    "spacing_mm": 1.0
  }
}