{
  "case_id": "CQ500CT51",
  "residual": {
    "rz_eyes_rad": 0.031098287957030263,
    "rz_ears_rad": 0.0404072978836608,
    "ry_eyes_rad": 0.01351819679132175,
    "ry_ears_rad": 0.018649818643847408,
    "rx_om_rad": 0.13319475568146766,
    "rz_eyes_deg": 1.7818006500203492,
    "rz_ears_deg": 2.315167630261667,
    "ry_eyes_deg": 0.774535622770028,
    "ry_ears_deg": 1.0685558969768532,
    "rx_om_deg": 7.63149735382424,
    "centroids_zyx": {
      "eye_l": [
        19.865127263185517,
        194.2331409078982,
        146.45211230648124
      ],
      "eye_r": [
        19.023896103896103,
        192.2974025974026,
        84.22636363636363
      ],
      "ear_l": [
        10.081383519837233,
        117.63123092573754,
        176.09969481180062
      ],
      "ear_r": [
        7.908444022770398,
        112.92125237191651,
        59.60056925996205
      ],
      "eye_mid": [
        19.44451168354081,
        193.2652717526504,
        115.33923797142243
      ],
      "ear_mid": [
        8.994913771303816,
        115.27624164882702,
        117.85013203588133
      ]
    },
    "spacing_mm": 1.0
  }
}