{
  "case_id": "CQ500CT244",
  "residual": {
    "rz_eyes_rad": 0.04734084151897193,
    "rz_ears_rad": 0.06591714685961086,
    "ry_eyes_rad": 0.006893807531487071,
    "ry_ears_rad": 0.0070202873761311905,
    "rx_om_rad": 0.3153076404350852,
    "rz_eyes_deg": 2.712430417634789,
    "rz_ears_deg": 3.776774312599731,
    "ry_eyes_deg": 0.39498607632970956,
    "ry_ears_deg": 0.4022328376212879,
    "rx_om_deg": 18.06579704515888,
    "centroids_zyx": {
      "eye_l": [
        32.932069711232664,
        203.7011830555909,
        154.35046431751687
      ],
      "eye_r": [
        33.3917236328125,
        200.5423583984375,
        87.6751708984375
      ],
      "ear_l": [
        8.068663257852448,
        130.10664718772827,
        179.93352812271732
      ],
      "ear_r": [
        8.856749311294767,
        122.69628099173553,
        67.67699724517907
      ],
      "eye_mid": [
        33.16189667202258,
        202.1217707270142,
        121.01281760797718
      ],
      "ear_mid": [
        8.462706284573606,
        126.4014640897319,
        123.8052626839482
      ]
    },
    "spacing_mm": 1.0
  }
}