{
  "case_id": "CQ500CT209",
  "residual": {
    "rz_eyes_rad": 0.022555896157604515,
    "rz_ears_rad": 0.04293102748033733,
    "ry_eyes_rad": 0.0063740839957811294,
    "ry_ears_rad": 0.010692149407490662,
    "rx_om_rad": 0.014680422893728284,
    "rz_eyes_deg": 1.292357652966089,
    "rz_ears_deg": 2.4597666847834856,
    "ry_eyes_deg": 0.36520811122014235,
    "ry_ears_deg": 0.6126150349725188,
    "rx_om_deg": 0.8411262732778617,
    "centroids_zyx": {
      "eye_l": [
        12.312760521715745,
        219.5941912061315,
        173.4179104477612
      ],
      "eye_r": [
        11.901168014375562,
        218.13746630727763,
        108.84597612629958
      ],
      "ear_l": [
        11.511266511266511,
        142.02719502719503,
        198.45843045843046
      ],
      "ear_r": [
        10.379710144927536,
        137.48115942028986,
        92.63188405797102
      ],
      "eye_mid": [
        12.106964268045655,
        218.86582875670456,
        141.13194328703037
      ],
      "ear_mid": [
        10.945488328097024,
        139.75417722374243,
        145.54515725820073
      ]
    },
    "spacing_mm": 1.0
  }
}