{
  "case_id": "CQ500CT38",
  "residual": {
    "rz_eyes_rad": 0.04381627733116711,
    "rz_ears_rad": 0.012781582587895999,
    "ry_eyes_rad": 0.00881765805348562,
    "ry_ears_rad": 0.018420511781710995,
    "rx_om_rad": 0.028234344015751756,
    "rz_eyes_deg": 2.510487765050618,
    "rz_ears_deg": 0.7323307377843413,
    "ry_eyes_deg": 0.5052145916542667,
    "ry_ears_deg": 1.0554175815630484,
    "rx_om_deg": 1.617708749423028,
    "centroids_zyx": {
      "eye_l": [
        12.504587155963304,
        200.15655519384433,
        157.1093518792542
      ],
      "eye_r": [
        11.90292960209882,
        197.16499052616237,
        88.87786037020842
      ],
      "ear_l": [
        11.14560770156438,
        123.86341756919374,
        182.3531889290012
      ],
      "ear_r": [
        8.99493487698987,
        122.3712011577424,
        65.61215629522431
      ],
      "eye_mid": [
        12.203758379031061,
        198.66077286000336,
        122.99360612473131
      ],
      "ear_mid": [
        10.070271289277125,
        123.11730936346808,
        123.98267261211275
      ]
    },
    "spacing_mm": 1.0
  }
}