{
  "case_id": "CQ500CT182",
  "residual": {
    "rz_eyes_rad": 0.0606465313130691,
    "rz_ears_rad": 0.05033497201289358,
    "ry_eyes_rad": 0.02133507132340377,
    "ry_ears_rad": 0.01925676852212664,
    "rx_om_rad": 0.2826578715841497,
    "rz_eyes_deg": 3.4747902863468503,
    "rz_ears_deg": 2.88398145824792,
    "ry_eyes_deg": 1.222409542441628,
    "ry_ears_deg": 1.1033315633782321,
    "rx_om_deg": 16.195103087922575,
    "centroids_zyx": {
      "eye_l": [
        26.9075021312873,
        203.7547598749645,
        153.82907075873828
      ],
      "eye_r": [
        28.21065540264341,
        200.04646409592587,
        92.75800517781714
      ],
      "ear_l": [
        3.411417322834646,
        124.84448818897638,
        175.62007874015748
      ],
      "ear_r": [
        5.420759962928638,
        119.5885078776645,
        71.28822984244671
      ],
      "eye_mid": [
        27.559078766965357,
        201.90061198544518,
        123.29353796827772
      ],
      "ear_mid": [
        4.4160886428816415,
        122.21649803332045,
        123.4541542913021
      ]
    },
    "spacing_mm": 1.0
  }
}