{
  "case_id": "CQ500CT411",
  "residual": {
    "rz_eyes_rad": 0.08766475461935636,
    "rz_ears_rad": 0.08776934526637178,
    "ry_eyes_rad": 0.04030614177257481,
    "ry_ears_rad": 0.0524502060741274,
    "rx_om_rad": 0.36926128728304475,
    "rz_eyes_deg": 5.022820451739107,
    "rz_ears_deg": 5.028813054389634,
    "ry_eyes_deg": 2.3093718120244837,
    "ry_ears_deg": 3.0051754426389348,
    "rx_om_deg": 21.15711329888628,
    "centroids_zyx": {
      "eye_l": [
        31.33063280052551,
        238.00547405298883,
        177.99047514779943
      ],
      "eye_r": [
        33.896780965710285,
        243.59808724049452,
        114.35852577560065
      ],
      "ear_l": [
        2.563664596273292,
        166.0582298136646,
        201.87810559006212
      ],
      "ear_r": [
        8.958531611148878,
        176.77702243371857,
        80.0673011556764
      ],
      "eye_mid": [
        32.6137068831179,
        240.8017806467417,
        146.17450046170003
      ],
      "ear_mid": [
        5.761098103711085,
        171.4176261236916,
        140.97270337286926
      ]
    },
    "spacing_mm": 1.0
  }
}