{
  "case_id": "CQ500CT350",
  "residual": {
    "rz_eyes_rad": 0.07527769026479866,
    "rz_ears_rad": 0.10999933862550575,
    "ry_eyes_rad": 0.010168273486484063,
    "ry_ears_rad": 0.024288333723051895,
    "rx_om_rad": 0.026483431373754307,
    "rz_eyes_deg": 4.313093943666008,
    "rz_ears_deg": 6.302497852471857,
    "ry_eyes_deg": 0.5825991557103117,
    "ry_ears_deg": 1.3916190137361433,
    "rx_om_deg": 1.5173888447404738,
    "centroids_zyx": {
      "eye_l": [
        6.336118848653667,
        207.56713091922006,
        150.15673166202413
      ],
      "eye_r": [
        5.695816835944225,
        202.81804097090722,
        87.18832845584438
      ],
      "ear_l": [
        4.943729903536977,
        124.9967845659164,
        172.13022508038586
      ],
      "ear_r": [
        2.5513784461152884,
        114.1203007518797,
        73.6516290726817
      ],
      "eye_mid": [
        6.015967842298946,
        205.19258594506363,
        118.67253005893426
      ],
      "ear_mid": [
        3.7475541748261327,
        119.55854265889805,
        122.89092707653379
      ]
    },
    "spacing_mm": 1.0
  }
}