{
  "case_id": "CQ500CT306",
  "residual": {
    "rz_eyes_rad": 0.01691675796108716,
    "rz_ears_rad": 0.019506482487180524,
    "ry_eyes_rad": 0.03476903434497581,
    "ry_ears_rad": 0.04159905097740129,
    "rx_om_rad": 0.3245897248681855,
    "rz_eyes_deg": 0.9692588342146299,
    "rz_ears_deg": 1.117639119661297,
    "ry_eyes_deg": 1.9921189257125207,
    "ry_ears_deg": 2.383450052754656,
    "rx_om_deg": 18.597621308259612,
    "centroids_zyx": {
      "eye_l": [
        40.31611969111969,
        213.4154198841699,
        160.23877895752895
      ],
      "eye_r": [
        38.00963463463464,
        214.53728728728728,
        93.92817817817817
      ],
      "ear_l": [
        15.497304582210242,
        135.1253369272237,
        185.60983827493263
      ],
      "ear_r": [
        10.544303797468354,
        137.44683544303797,
        66.6132911392405
      ],
      "eye_mid": [
        39.162877162877166,
        213.9763535857286,
        127.08347856785356
      ],
      "ear_mid": [
        13.020804189839298,
        136.28608618513084,
        126.11156470708656
      ]
    },
    "spacing_mm": 1.0
  }
}