{
  "case_id": "CQ500CT160",
  "residual": {
    "rz_eyes_rad": 0.06206923355225916,
    "rz_ears_rad": 0.06304095817255233,
    "ry_eyes_rad": 0.01988224357013862,
    "ry_ears_rad": 0.006156994721459456,
    "rx_om_rad": 0.02954602290870323,
    "rz_eyes_deg": 3.5563051201562526,
    "rz_ears_deg": 3.611980839748003,
    "ry_eyes_deg": 1.1391686438200612,
    "ry_ears_deg": 0.3527698120239527,
    "rx_om_deg": 1.6928624140655395,
    "centroids_zyx": {
      "eye_l": [
        9.816805146073438,
        180.15424819083356,
        139.28759045832217
      ],
      "eye_r": [
        8.592649957758377,
        176.3282174035483,
        77.72542945649113
      ],
      "ear_l": [
        7.321024868123587,
        107.09344385832705,
        162.59306706857572
      ],
      "ear_r": [
        6.692488262910798,
        100.64945226917058,
        60.509389671361504
      ],
      "eye_mid": [
        9.204727551915909,
        178.24123279719095,
        108.50650995740665
      ],
      "ear_mid": [
        7.006756565517192,
        103.87144806374882,
        111.55122836996861
      ]
    },
    "spacing_mm": 1.0
  }
}