{
  "case_id": "CQ500CT227",
  "residual": {
    "rz_eyes_rad": 0.019810725222300308,
    "rz_ears_rad": 0.03423750086978248,
    "ry_eyes_rad": 0.025475743891852736,
    "ry_ears_rad": 0.03961276332983833,
    "rx_om_rad": 0.30758592019147324,
    "rz_eyes_deg": 1.1350709443311773,
    "rz_ears_deg": 1.961664300914021,
    "ry_eyes_deg": 1.4596526049593481,
    "ry_ears_deg": 2.26964415365033,
    "rx_om_deg": 17.623375064619186,
    "centroids_zyx": {
      "eye_l": [
        32.66549055315274,
        221.6115410880947,
        164.79649442294559
      ],
      "eye_r": [
        31.014968007312614,
        220.32815356489945,
        100.02250914076782
      ],
      "ear_l": [
        8.70014450867052,
        143.23265895953756,
        189.94291907514452
      ],
      "ear_r": [
        4.414634146341464,
        139.52916224814422,
        81.81442205726405
      ],
      "eye_mid": [
        31.840229280232677,
        220.96984732649707,
        132.4095017818567
      ],
      "ear_mid": [
        6.557389327505993,
        141.3809106038409,
        135.87867056620428
      ]
    },
    "spacing_mm": 1.0
  }
}