{
  "case_id": "CQ500CT339",
  "residual": {
    "rz_eyes_rad": 0.04550474557093586,
    "rz_ears_rad": 0.03326321780124189,
    "ry_eyes_rad": 0.004574125175481767,
    "ry_ears_rad": 0.006721102021521931,
    "rx_om_rad": 0.06713317890356274,
    "rz_eyes_deg": 2.6072298690312503,
    "rz_ears_deg": 1.9058419930355903,
    "ry_eyes_deg": 0.2620780675196423,
    "ry_ears_deg": 0.38509077951005244,
    "rx_om_deg": 3.8464478164708407,
    "centroids_zyx": {
      "eye_l": [
        10.024459895703998,
        182.55314129625032,
        138.67953811770548
      ],
      "eye_r": [
        9.744773650172958,
        179.76883741916077,
        77.53466686719807
      ],
      "ear_l": [
        5.247879359095193,
        108.88312912346842,
        163.13100848256363
      ],
      "ear_r": [
        4.5799256505576205,
        105.57620817843866,
        63.75092936802974
      ],
      "eye_mid": [
        9.884616772938479,
        181.16098935770555,
        108.10710249245177
      ],
      "ear_mid": [
        4.913902504826407,
        107.22966865095354,
        113.44096892529669
      ]
    },
    "spacing_mm": 1.0
  }
}