{
  "case_id": "CQ500CT101",
  "residual": {
    "rz_eyes_rad": 0.015777416904570567,
    "rz_ears_rad": 0.013742406684745473,
    "ry_eyes_rad": 0.009883309282542392,
    "ry_ears_rad": 0.030848417527328757,
    "rx_om_rad": 0.05090368860388894,
    "rz_eyes_deg": 0.903979400250253,
    "rz_ears_deg": 0.7873819033882852,
    "ry_eyes_deg": 0.5662719095121488,
    "ry_ears_deg": 1.7674841289733325,
    "rx_om_deg": 2.916566518651022,
    "centroids_zyx": {
      "eye_l": [
        8.625553662691653,
        178.98909710391823,
        137.17751277683135
      ],
      "eye_r": [
        8.06283445537718,
        179.8874503711376,
        80.24305195926118
      ],
      "ear_l": [
        6.249258160237389,
        108.31948565776459,
        159.2591493570722
      ],
      "ear_r": [
        3.26027397260274,
        109.65068493150685,
        62.397260273972606
      ],
      "eye_mid": [
        8.344194059034416,
        179.4382737375279,
        108.71028236804626
      ],
      "ear_mid": [
        4.754766066420064,
        108.98508529463572,
        110.82820481552241
      ]
    },
    "spacing_mm": 1.0
  }
}