{
  "case_id": "CQ500CT59",
  "residual": {
    "rz_eyes_rad": 0.009691921228144752,
    "rz_ears_rad": 0.010549983067892442,
    "ry_eyes_rad": 0.006923125007288995,
    "ry_ears_rad": 0.004479247770551574,
    "rx_om_rad": 0.16629247815009363,
    "rz_eyes_deg": 0.5553061817459438,
    "rz_ears_deg": 0.6044695037247172,
    "ry_eyes_deg": 0.39666584395913673,
    "ry_ears_deg": 0.2566419926459886,
    "rx_om_deg": 9.527857162771824,
    "centroids_zyx": {
      "eye_l": [
        24.490405473051894,
        190.52244284999165,
        143.11263140330385
      ],
      "eye_r": [
        24.91444356748224,
        189.9288082083662,
        81.86408839779006
      ],
      "ear_l": [
        12.496958637469586,
        118.32542579075425,
        164.31204379562044
      ],
      "ear_r": [
        12.951949229374433,
        119.3970988213962,
        62.73526745240254
      ],
      "eye_mid": [
        24.702424520267066,
        190.22562552917893,
        112.48835990054695
      ],
      "ear_mid": [
        12.724453933422009,
        118.86126230607522,
        113.5236556240115
      ]
    },
    "spacing_mm": 1.0
  }
}