{
  "case_id": "CQ500CT6",
  "residual": {
    "rz_eyes_rad": 0.019025897519808252,
    "rz_ears_rad": 0.04333276091986837,
    "ry_eyes_rad": 0.0038833127947134564,
    "ry_ears_rad": 0.011228605477894492,
    "rx_om_rad": 0.13787694367043546,
    "rz_eyes_deg": 1.0901036293334334,
    "rz_ears_deg": 2.4827843153578883,
    "ry_eyes_deg": 0.2224974336662337,
    "ry_ears_deg": 0.6433517037008312,
    "rx_om_deg": 7.899766964478942,
    "centroids_zyx": {
      "eye_l": [
        17.088384122343417,
        201.0845608905881,
        160.11368492072415
      ],
      "eye_r": [
        17.336260272430486,
        199.86997635933807,
        96.2828999211978
      ],
      "ear_l": [
        5.672654690618763,
        124.26447105788424,
        186.85429141716565
      ],
      "ear_r": [
        6.928789420142421,
        119.41403865717193,
        74.98982706002035
      ],
      "eye_mid": [
        17.212322197386953,
        200.47726862496307,
        128.19829242096097
      ],
      "ear_mid": [
        6.300722055380592,
        121.83925485752809,
        130.922059238593
      ]
    },
    "spacing_mm": 1.0
  }
}