{
  "case_id": "CQ500CT169",
  "residual": {
    "rz_eyes_rad": 0.04205278152099505,
    "rz_ears_rad": 0.03381418829235624,
    "ry_eyes_rad": 0.06459772759091906,
    "ry_ears_rad": 0.0006021681714210028,
    "rx_om_rad": 0.37060681971590315,
    "rz_eyes_deg": 2.409446897938755,
    "rz_ears_deg": 1.9374102768126926,
    "ry_eyes_deg": 3.701177157095453,
    "ry_ears_deg": 0.034501694779533736,
    "rx_om_deg": 21.234206628487037,
    "centroids_zyx": {
      "eye_l": [
        32.759567865762556,
        231.6424548902425,
        184.94874152396275
      ],
      "eye_r": [
        37.20388349514563,
        228.7515498888759,
        116.24459001052755
      ],
      "ear_l": [
        8.292592592592593,
        163.5753086419753,
        204.58271604938273
      ],
      "ear_r": [
        8.362903225806452,
        159.62557603686636,
        87.82027649769586
      ],
      "eye_mid": [
        34.98172568045409,
        230.1970023895592,
        150.59666576724516
      ],
      "ear_mid": [
        8.327747909199523,
        161.60044233942085,
        146.2014962735393
      ]
    },
    "spacing_mm": 1.0
  }
}