{
  "case_id": "CQ500CT307",
  "residual": {
    "rz_eyes_rad": 0.04131421880637506,
    "rz_ears_rad": 0.01450917619927535,
    "ry_eyes_rad": 0.016672376630529468,
    "ry_ears_rad": 0.0004315627526006358,
    "rx_om_rad": 0.17666991282446842,
    "rz_eyes_deg": 2.3671303714853043,
    "rz_ears_deg": 0.8313145604301423,
    "ry_eyes_deg": 0.9552568153818828,
    "ry_ears_deg": 0.024726724319064926,
    "rx_om_deg": 10.122440371786217,
    "centroids_zyx": {
      "eye_l": [
        15.564608529598981,
        183.1145767027371,
        148.21935073201783
      ],
      "eye_r": [
        16.64137264378927,
        185.7840744320928,
        83.64161430642822
      ],
      "ear_l": [
        3.0958019375672765,
        110.96986006458557,
        166.91926803013993
      ],
      "ear_r": [
        3.140255009107468,
        112.46448087431693,
        63.9143897996357
      ],
      "eye_mid": [
        16.102990586694126,
        184.44932556741497,
        115.93048251922303
      ],
      "ear_mid": [
        3.118028473337372,
        111.71717046945125,
        115.41682891488782
      ]
    },
    "spacing_mm": 1.0
  }
}