{
  "case_id": "CQ500CT362",
  "residual": {
    "rz_eyes_rad": 0.0011364588168862946,
    "rz_ears_rad": 0.0023474281437170274,
    "ry_eyes_rad": 0.013027801567665287,
    "ry_ears_rad": 0.016029754240806524,
    "rx_om_rad": 0.0075217973894301515,
    "rz_eyes_deg": 0.06511429379801553,
    "rz_ears_deg": 0.13449772534521492,
    "ry_eyes_deg": 0.7464380461611385,
    "ry_ears_deg": 0.918437264630147,
    "rx_om_deg": 0.43096724476686815,
    "centroids_zyx": {
      "eye_l": [
        7.329485488126649,
        181.7664907651715,
        148.03578496042218
      ],
      "eye_r": [
        6.605525216832637,
        181.70334082878253,
        92.46851911339544
      ],
      "ear_l": [
        7.197979797979798,
        108.4,
        170.03030303030303
      ],
      "ear_r": [
        5.632064590542099,
        108.17070357554786,
        72.35063437139561
      ],
      "eye_mid": [
        6.967505352479643,
        181.73491579697702,
        120.25215203690881
      ],
      "ear_mid": [
        6.415022194260949,
        108.28535178777393,
        121.19046870084932
      ]
    },
    "spacing_mm": 1.0
  }
}