{
  "case_id": "CQ500CT347",
  "residual": {
    "rz_eyes_rad": 0.0017048189546650572,
    "rz_ears_rad": 0.009617434633508608,
    "ry_eyes_rad": 0.03513175681960399,
    "ry_ears_rad": 0.05006000389850443,
    "rx_om_rad": 0.25100209325107947,
    "rz_eyes_deg": 0.0976789309362126,
    "rz_ears_deg": 0.5510384142429909,
    "ry_eyes_deg": 2.0129013926432564,
    "ry_ears_deg": 2.868226945792751,
    "rx_om_deg": 14.381360592235978,
    "centroids_zyx": {
      "eye_l": [
        32.346164652992414,
        211.6876931722394,
        156.97007586400673
      ],
      "eye_r": [
        30.12548138639281,
        211.7954107830552,
        93.78594351732991
      ],
      "ear_l": [
        15.859080633006782,
        140.36171816126603,
        179.12584777694047
      ],
      "ear_r": [
        10.282118055555555,
        141.43229166666666,
        67.81336805555556
      ],
      "eye_mid": [
        31.23582301969261,
        211.7415519776473,
        125.37800969066832
      ],
      "ear_mid": [
        13.070599344281169,
        140.89700491396633,
        123.46960791624801
      ]
    },
    "spacing_mm": 1.0
  }
}