{
  "case_id": "CQ500CT321",
  "residual": {
    "rz_eyes_rad": 0.006909909089484931,
    "rz_ears_rad": 0.003742910326333325,
    "ry_eyes_rad": 0.020343148682035673,
    "ry_ears_rad": 0.0026204340132695053,
    "rx_om_rad": 0.3208152449555568,
    "rz_eyes_deg": 0.39590862764657203,
    "rz_ears_deg": 0.2144529647948332,
    "ry_eyes_deg": 1.1655765614877671,
    "ry_ears_deg": 0.150139809452871,
    "rx_om_deg": 18.38135953940908,
    "centroids_zyx": {
      "eye_l": [
        31.024270623742456,
        204.72799295774647,
        155.28986418511067
      ],
      "eye_r": [
        29.71950500883913,
        205.17112551561578,
        91.16087212728344
      ],
      "ear_l": [
        4.844755244755245,
        128.34825174825176,
        179.36503496503497
      ],
      "ear_r": [
        5.122448979591836,
        128.74489795918367,
        73.39285714285714
      ],
      "eye_mid": [
        30.371887816290794,
        204.94955923668113,
        123.22536815619705
      ],
      "ear_mid": [
        4.983602112173541,
        128.54657485371771,
        126.37894605394605
      ]
    },
    "spacing_mm": 1.0
  }
}