{
  "case_id": "CQ500CT136",
  "residual": {
    "rz_eyes_rad": 0.018467120834376856,
    "rz_ears_rad": 0.055378345858284,
    "ry_eyes_rad": 0.039691082405004255,
    "ry_ears_rad": 0.023773297849720595,
    "rx_om_rad": 0.450547146452128,
    "rz_eyes_deg": 1.0580880835679052,
    "rz_ears_deg": 3.172945494095456,
    "ry_eyes_deg": 2.274131506112705,
    "ry_ears_deg": 1.3621096318964252,
    "rx_om_deg": 25.814449963369537,
    "centroids_zyx": {
      "eye_l": [
        50.097671777399206,
        205.11868256672346,
        155.5519591141397
      ],
      "eye_r": [
        52.897655803316184,
        203.8164665523156,
        85.04459691252144
      ],
      "ear_l": [
        20.21602787456446,
        132.98954703832752,
        181.09756097560975
      ],
      "ear_r": [
        17.119402985074625,
        140.2089552238806,
        50.865671641791046
      ],
      "eye_mid": [
        51.49766379035769,
        204.46757455951953,
        120.29827801333056
      ],
      "ear_mid": [
        18.667715429819545,
        136.59925113110404,
        115.9816163087004
      ]
    },
    "spacing_mm": 1.0
  }
}