{
  "case_id": "CQ500CT351",
  "residual": {
    "rz_eyes_rad": 0.009462722430557362,
    "rz_ears_rad": 0.0069732460723844845,
    "ry_eyes_rad": 0.029208039265621252,
    "ry_ears_rad": 0.02634382539118229,
    "rx_om_rad": 0.073420680052807,
    "rz_eyes_deg": 0.5421740579747131,
    "rz_ears_deg": 0.3995375694538087,
    "ry_eyes_deg": 1.6734973777724862,
    "ry_ears_deg": 1.5093900111443201,
    "rx_om_deg": 4.206695096006191,
    "centroids_zyx": {
      "eye_l": [
        11.45846112815042,
        194.8951860248033,
        145.9729297239632
      ],
      "eye_r": [
        9.483733112765371,
        194.25558312655087,
        78.38309897987317
      ],
      "ear_l": [
        6.312292358803987,
        119.3499446290144,
        166.92137320044296
      ],
      "ear_r": [
        3.509242144177449,
        118.60813308687615,
        60.54343807763401
      ],
      "eye_mid": [
        10.471097120457895,
        194.5753845756771,
        112.1780143519182
      ],
      "ear_mid": [
        4.910767251490718,
        118.97903885794528,
        113.73240563903849
      ]
    },
    "spacing_mm": 1.0
  }
}