{
  "case_id": "CQ500CT424",
  "residual": {
    "rz_eyes_rad": 0.04269248336608629,
    "rz_ears_rad": 0.06831113420372838,
    "ry_eyes_rad": 0.04036220707432944,
    "ry_ears_rad": 0.01574221504278583,
    "rx_om_rad": 0.5321881068551013,
    "rz_eyes_deg": 2.4460991138092147,
    "rz_ears_deg": 3.9139396836253977,
    "ry_eyes_deg": 2.3125841171921513,
    "ry_ears_deg": 0.9019624821389848,
    "rx_om_deg": 30.49213242985458,
    "centroids_zyx": {
      "eye_l": [
        71.90629119233074,
        192.28987417615338,
        142.81701617735172
      ],
      "eye_r": [
        69.35817588056916,
        189.59447165850244,
        79.72008397480755
      ],
      "ear_l": [
        32.07397959183673,
        127.6875,
        168.33545918367346
      ],
      "ear_r": [
        30.393333333333334,
        120.38380952380952,
        61.58380952380952
      ],
      "eye_mid": [
        70.63223353644995,
        190.94217291732792,
        111.26855007607963
      ],
      "ear_mid": [
        31.23365646258503,
        124.03565476190477,
        114.95963435374149
      ]
    },
    "spacing_mm": 1.0
  }
}