{
  "case_id": "CQ500CT303",
  "residual": {
    "rz_eyes_rad": 0.004814800078900784,
    "rz_ears_rad": 0.014690189324657545,
    "ry_eyes_rad": 0.017802760081208808,
    "ry_ears_rad": 0.04560199130598659,
    "rx_om_rad": 0.12017233226621293,
    "rz_eyes_deg": 0.2758677237202707,
    "rz_ears_deg": 0.8416858485510144,
    "ry_eyes_deg": 1.0200230163372435,
    "ry_ears_deg": 2.612801639225305,
    "rx_om_deg": 6.885367453097805,
    "centroids_zyx": {
      "eye_l": [
        21.304523119566586,
        184.5566334887237,
        138.13934736046366
      ],
      "eye_r": [
        22.404291845493564,
        184.25922746781117,
        76.37069282648682
      ],
      "ear_l": [
        9.61369622475856,
        105.51975417032484,
        165.8577699736611
      ],
      "ear_r": [
        14.839797639123104,
        103.8372681281619,
        51.33473861720068
      ],
      "eye_mid": [
        21.854407482530075,
        184.40793047826742,
        107.25502009347524
      ],
      "ear_mid": [
        12.22674693194083,
        104.67851114924338,
        108.5962542954309
      ]
    },
    "spacing_mm": 1.0
  }
}