{
  "case_id": "CQ500CT167",
  "residual": {
    "rz_eyes_rad": 0.024328702892236154,
    "rz_ears_rad": 0.023456363904174903,
    "ry_eyes_rad": 0.009476318200626025,
    "ry_ears_rad": 0.015305023752754188,
    "rx_om_rad": 0.3455040432201377,
    "rz_eyes_deg": 1.393931996752851,
    "rz_ears_deg": 1.3439506544322282,
    "ry_eyes_deg": 0.5429530382188777,
    "ry_ears_deg": 0.8769132663802918,
    "rx_om_deg": 19.795923481219475,
    "centroids_zyx": {
      "eye_l": [
        39.35885521174358,
        206.88942866194952,
        160.26528672510295
      ],
      "eye_r": [
        39.94757847049941,
        205.37773702944665,
        98.14140869377628
      ],
      "ear_l": [
        13.78048780487805,
        138.0746951219512,
        188.4565548780488
      ],
      "ear_r": [
        15.55336866010598,
        135.35730507191522,
        72.62906888720666
      ],
      "eye_mid": [
        39.65321684112149,
        206.13358284569807,
        129.2033477094396
      ],
      "ear_mid": [
        14.666928232492015,
        136.71600009693321,
        130.54281188262772
      ]
    },
    "spacing_mm": 1.0
  }
}