{
  "case_id": "CQ500CT298",
  "residual": {
    "rz_eyes_rad": 0.06946014706395207,
    "rz_ears_rad": 0.08540629334993921,
    "ry_eyes_rad": 0.044636668673739735,
    "ry_ears_rad": 0.046973810332796746,
    "rx_om_rad": 0.09384720808195235,
    "rz_eyes_deg": 3.97977327112247,
    "rz_ears_deg": 4.893420152807746,
    "ry_eyes_deg": 2.5574927265291008,
    "ry_ears_deg": 2.6914010797172705,
    "rx_om_deg": 5.377048942181899,
    "centroids_zyx": {
      "eye_l": [
        75.9841906559698,
        187.65986314299198,
        144.624469089193
      ],
      "eye_r": [
        78.68030230326296,
        183.46041266794626,
        84.26331573896353
      ],
      "ear_l": [
        67.56466302367942,
        114.76684881602914,
        176.89162112932604
      ],
      "ear_r": [
        72.86463620981388,
        105.11421319796955,
        64.14636209813875
      ],
      "eye_mid": [
        77.33224647961637,
        185.5601379054691,
        114.44389241407828
      ],
      "ear_mid": [
        70.21464961674664,
        109.94053100699935,
        120.5189916137324
      ]
    },
    "spacing_mm": 1.0
  }
}