{
  "case_id": "CQ500CT104",
  "residual": {
    "rz_eyes_rad": 0.0019345251853561394,
    "rz_ears_rad": 0.003810041835742569,
    "ry_eyes_rad": 0.03777084202216848,
    "ry_ears_rad": 0.03694157618337195,
    "rx_om_rad": 0.005728470076201031,
    "rz_eyes_deg": 0.11084012848267008,
    "rz_ears_deg": 0.21829931695632565,
    "ry_eyes_deg": 2.16410983652563,
    "ry_ears_deg": 2.1165964038682126,
    "rx_om_deg": 0.3282171584333042,
    "centroids_zyx": {
      "eye_l": [
        10.058748764298828,
        190.70442027962153,
        136.33229769806525
      ],
      "eye_r": [
        12.194452111509799,
        190.5950869445211,
        79.81548440518907
      ],
      "ear_l": [
        8.763033175355451,
        115.54897314375988,
        159.4083728278041
      ],
      "ear_r": [
        12.627450980392156,
        115.15058823529412,
        54.84705882352941
      ],
      "eye_mid": [
        11.126600437904314,
        190.64975361207132,
        108.07389105162716
      ],
      "ear_mid": [
        10.695242077873804,
        115.349780689527,
        107.12771582566675
      ]
    },
    "spacing_mm": 1.0
  }
}