{
  "case_id": "CQ500CT327",
  "residual": {
    "rz_eyes_rad": 0.052401189962122535,
    "rz_ears_rad": 0.05327944752638134,
    "ry_eyes_rad": 0.013804006712444382,
    "ry_ears_rad": 0.005344911679925377,
    "rx_om_rad": 0.0059085666854818975,
    "rz_eyes_deg": 3.0023670262929154,
    "rz_ears_deg": 3.0526874780503848,
    "ry_eyes_deg": 0.7909113249933217,
    "ry_ears_deg": 0.30624088112990283,
    "rx_om_deg": 0.33853593404971444,
    "centroids_zyx": {
      "eye_l": [
        4.515836101882614,
        182.0606866002215,
        148.13665559246954
      ],
      "eye_r": [
        5.396469049694856,
        185.4064952048823,
        84.34524847428074
      ],
      "ear_l": [
        5.115351993214588,
        101.93129770992367,
        171.1696352841391
      ],
      "ear_r": [
        5.7275419545903254,
        108.03948667324778,
        56.63376110562685
      ],
      "eye_mid": [
        4.956152575788735,
        183.7335909025519,
        116.24095203337514
      ],
      "ear_mid": [
        5.421446973902457,
        104.98539219158573,
        113.90169819488298
      ]
    },
    "spacing_mm": 1.0
  }
}