{
  "case_id": "CQ500CT110",
  "residual": {
    "rz_eyes_rad": 0.056243413137791576,
    "rz_ears_rad": 0.04919151552094941,
    "ry_eyes_rad": 0.043054861189492276,
    "ry_ears_rad": 0.004896151094248358,
    "rx_om_rad": 0.1160206312520975,
    "rz_eyes_deg": 3.2225101982061037,
    "rz_ears_deg": 2.818466227202684,
    "ry_eyes_deg": 2.466861833679515,
    "ry_ears_deg": 0.2805287935587907,
    "rx_om_deg": 6.647492507188806,
    "centroids_zyx": {
      "eye_l": [
        12.174615732368897,
        203.18128390596746,
        165.91817359855335
      ],
      "eye_r": [
        9.208214563358384,
        207.05804612593937,
        97.06258097952838
      ],
      "ear_l": [
        1.86318407960199,
        124.9726368159204,
        179.42039800995025
      ],
      "ear_r": [
        1.391304347826087,
        129.7173913043478,
        83.04347826086956
      ],
      "eye_mid": [
        10.69141514786364,
        205.11966501595342,
        131.49037728904085
      ],
      "ear_mid": [
        1.6272442137140386,
        127.3450140601341,
        131.2319381354099
      ]
    },
    "spacing_mm": 1.0
  }
}