{
  "case_id": "CQ500CT181",
  "residual": {
    "rz_eyes_rad": 0.04932143391672956,
    "rz_ears_rad": 0.06962850123900716,
    "ry_eyes_rad": 0.07774787629510715,
    "ry_ears_rad": 0.0857219587692971,
    "rx_om_rad": 0.023218202086286777,
    "rz_eyes_deg": 2.8259100029619972,
    "rz_ears_deg": 3.9894192548165335,
    "ry_eyes_deg": 4.454625177814859,
    "ry_ears_deg": 4.91150644907518,
    "rx_om_deg": 1.330304987426075,
    "centroids_zyx": {
      "eye_l": [
        12.416196351227196,
        209.84026775167345,
        149.47630922693267
      ],
      "eye_r": [
        7.685485339646695,
        206.84283372791842,
        88.75213986523401
      ],
      "ear_l": [
        13.043668122270743,
        137.33275109170305,
        179.94847161572054
      ],
      "ear_r": [
        3.581699346405229,
        129.65359477124184,
        69.83921568627451
      ],
      "eye_mid": [
        10.050840845436944,
        208.34155073979593,
        119.11422454608334
      ],
      "ear_mid": [
        8.312683734337986,
        133.49317293147243,
        124.89384365099752
      ]
    },
    "spacing_mm": 1.0
  }
}