{
  "case_id": "CQ500CT445",
  "residual": {
    "rz_eyes_rad": 0.005485975829740972,
    "rz_ears_rad": 0.011549825266759845,
    "ry_eyes_rad": 0.04782067805709052,
    "ry_ears_rad": 0.011509394558394332,
    "rx_om_rad": 0.12728191250556709,
    "rz_eyes_deg": 0.31432326155493756,
    "rz_ears_deg": 0.6617562418988993,
    "ry_eyes_deg": 2.7399230261251524,
    "ry_ears_deg": 0.6594397329468311,
    "rx_om_deg": 7.292716394922407,
    "centroids_zyx": {
      "eye_l": [
        15.723951795129299,
        221.20876223951794,
        179.52108963093147
      ],
      "eye_r": [
        18.82839355799161,
        220.85288943023414,
        114.65218568141833
      ],
      "ear_l": [
        6.738947368421052,
        143.88842105263157,
        194.0063157894737
      ],
      "ear_r": [
        7.917623227548954,
        142.70560432140445,
        91.60094530722485
      ],
      "eye_mid": [
        17.276172676560456,
        221.03082583487605,
        147.0866376561749
      ],
      "ear_mid": [
        7.328285297985003,
        143.29701268701803,
        142.80363054834928
      ]
    },
    "spacing_mm": 1.0
  }
}