{
  "case_id": "CQ500CT137",
  "residual": {
    "rz_eyes_rad": 0.05375777531400777,
    "rz_ears_rad": 0.04118420508386053,
    "ry_eyes_rad": 0.0032721530672964756,
    "ry_ears_rad": 0.0006895179734933291,
    "rx_om_rad": 0.07066976553499948,
    "rz_eyes_deg": 3.080093641505209,
    "rz_ears_deg": 2.359681133906437,
    "ry_eyes_deg": 0.18748056067687488,
    "ry_ears_deg": 0.039506469779581124,
    "rx_om_deg": 4.049079304334555,
    "centroids_zyx": {
      "eye_l": [
        5.447468481088653,
        179.71883129877926,
        143.17010206123675
      ],
      "eye_r": [
        5.658652890919928,
        176.24597655473872,
        78.63043910192728
      ],
      "ear_l": [
        0.4090909090909091,
        107.56060606060606,
        157.72727272727272
      ],
      "ear_r": [
        0.46987951807228917,
        103.92771084337349,
        69.56626506024097
      ],
      "eye_mid": [
        5.55306068600429,
        177.982403926759,
        110.90027058158202
      ],
      "ear_mid": [
        0.43948521358159914,
        105.74415845198978,
        113.64676889375684
      ]
    },
    "spacing_mm": 1.0
  }
}