{
  "case_id": "CQ500CT176",
  "residual": {
    "rz_eyes_rad": 0.02579426715645729,
    "rz_ears_rad": 0.03308902380357308,
    "ry_eyes_rad": 0.0006527091974537138,
    "ry_ears_rad": 0.001102774244472648,
    "rx_om_rad": 0.475858591298584,
    "rz_eyes_deg": 1.477902643697918,
    "rz_ears_deg": 1.8958614121526558,
    "ry_eyes_deg": 0.037397482263468895,
    "ry_ears_deg": 0.06318430996401078,
    "rx_om_deg": 27.264688926449622,
    "centroids_zyx": {
      "eye_l": [
        42.38534583821805,
        208.44841735052756,
        159.66377491207504
      ],
      "eye_r": [
        42.42986317668055,
        206.68875669244497,
        91.45984533016062
      ],
      "ear_l": [
        8.103409090909091,
        139.0159090909091,
        180.08977272727273
      ],
      "ear_r": [
        7.978934324659232,
        142.75216852540274,
        67.21561338289963
      ],
      "eye_mid": [
        42.4076045074493,
        207.56858702148628,
        125.56181012111783
      ],
      "ear_mid": [
        8.041171707784162,
        140.88403880815594,
        123.65269305508619
      ]
    },
    "spacing_mm": 1.0
  }
}