{
  "case_id": "CQ500CT280",
  "residual": {
    "rz_eyes_rad": 0.013606577301642461,
    "rz_ears_rad": 0.000618736347336683,
    "ry_eyes_rad": 0.010516644201611181,
    "ry_ears_rad": 0.030536642028952593,
    "rx_om_rad": 0.005102238497024736,
    "rz_eyes_deg": 0.779599453002617,
    "rz_ears_deg": 0.03545098133373251,
    "ry_eyes_deg": 0.60255932739305,
    "ry_ears_deg": 1.7496207087607907,
    "rx_om_deg": 0.2923367319486898,
    "centroids_zyx": {
      "eye_l": [
        11.005669291338583,
        168.93653543307087,
        139.55259842519686
      ],
      "eye_r": [
        10.340641625020151,
        168.0760922134451,
        76.31920038690956
      ],
      "ear_l": [
        12.646690518783542,
        96.27638640429338,
        159.8542039355993
      ],
      "ear_r": [
        9.436363636363636,
        96.34141414141415,
        54.756565656565655
      ],
      "eye_mid": [
        10.673155458179366,
        168.50631382325798,
        107.93589940605321
      ],
      "ear_mid": [
        11.041527077573589,
        96.30890027285376,
        107.30538479608248
      ]
    },
    "spacing_mm": 1.0
  }
}