{
  "case_id": "CQ500CT260",
  "residual": {
    "rz_eyes_rad": 0.048368497170254245,
    "rz_ears_rad": 0.03653313306689754,
    "ry_eyes_rad": 0.006412745479093592,
    "ry_ears_rad": 0.006959412501344293,
    "rx_om_rad": 0.025119810810845244,
    "rz_eyes_deg": 2.7713107492460334,
    "rz_ears_deg": 2.0931943371230584,
    "ry_eyes_deg": 0.3674232510436619,
    "ry_ears_deg": 0.39874496421761135,
    "rx_om_deg": 1.4392591416285307,
    "centroids_zyx": {
      "eye_l": [
        4.577884835971553,
        187.74466620784582,
        158.27208075246617
      ],
      "eye_r": [
        4.9957805907173,
        190.8990857946554,
        93.10654008438819
      ],
      "ear_l": [
        2.552924791086351,
        112.34679665738162,
        174.77298050139277
      ],
      "ear_r": [
        3.2439024390243905,
        115.97560975609755,
        75.48780487804878
      ],
      "eye_mid": [
        4.786832713344427,
        189.32187600125062,
        125.68931041842717
      ],
      "ear_mid": [
        2.8984136150553708,
        114.16120320673959,
        125.13039268972076
      ]
    },
    "spacing_mm": 1.0
  }
}