{
  "case_id": "CQ500CT230",
  "residual": {
    "rz_eyes_rad": 0.03193133908192538,
    "rz_ears_rad": 0.01983326290341437,
    "ry_eyes_rad": 0.0008188194055334147,
    "ry_ears_rad": 0.010764355628638781,
    "rx_om_rad": 0.6109536409458083,
    "rz_eyes_deg": 1.829530963595465,
    "rz_ears_deg": 1.1363622583390245,
    "ry_eyes_deg": 0.04691489612047567,
    "ry_ears_deg": 0.6167521466988943,
    "rx_om_deg": 35.005065104345896,
    "centroids_zyx": {
      "eye_l": [
        66.42034279291936,
        174.8807249227311,
        125.08485529643158
      ],
      "eye_r": [
        66.37073945696129,
        172.94569612940498,
        64.5057770075101
      ],
      "ear_l": [
        25.060322854715377,
        115.13508920985556,
        151.25063721325404
      ],
      "ear_r": [
        23.88582375478927,
        112.97088122605363,
        42.144827586206894
      ],
      "eye_mid": [
        66.39554112494032,
        173.91321052606804,
        94.79531615197084
      ],
      "ear_mid": [
        24.473073304752326,
        114.0529852179546,
        96.69773239973047
      ]
    },
    "spacing_mm": 1.0
  }
}