{
  "case_id": "CQ500CT7",
  "residual": {
    "rz_eyes_rad": 0.06032063473784628,
    "rz_ears_rad": 0.06545497357085726,
    "ry_eyes_rad": 0.011224611157107479,
    "ry_ears_rad": 0.025903274437225243,
    "rx_om_rad": 0.01580132341291174,
    "rz_eyes_deg": 3.456117788028815,
    "rz_ears_deg": 3.7502937337504685,
    "ry_eyes_deg": 0.643122845977714,
    "ry_ears_deg": 1.484148300822119,
    "rx_om_deg": 0.9053491422810964,
    "centroids_zyx": {
      "eye_l": [
        7.999123114696598,
        213.8034023149772,
        149.59312521922132
      ],
      "eye_r": [
        8.725258493353028,
        209.89660265878877,
        84.90448055145248
      ],
      "ear_l": [
        8.13639387890885,
        133.43246839654026,
        179.15768463073852
      ],
      "ear_r": [
        11.188415022278804,
        125.7110120942075,
        61.36028007638447
      ],
      "eye_mid": [
        8.362190804024813,
        211.850002486883,
        117.2488028853369
      ],
      "ear_mid": [
        9.662404450593826,
        129.5717402453739,
        120.25898235356149
      ]
    },
    "spacing_mm": 1.0
  }
}