{
  "case_id": "CQ500CT283",
  "residual": {
    "rz_eyes_rad": 0.002220747552372573,
    "rz_ears_rad": 0.03837900283883426,
    "ry_eyes_rad": 0.005557961309160148,
    "ry_ears_rad": 0.003099436058118296,
    "rx_om_rad": 0.010836670211264998,
    "rz_eyes_deg": 0.12723946211495618,
    "rz_ears_deg": 2.1989548845858082,
    "ry_eyes_deg": 0.31844772571188223,
    "ry_ears_deg": 0.1775846050008429,
    "rx_om_deg": 0.6208954670806266,
    "centroids_zyx": {
      "eye_l": [
        3.110461338531514,
        210.5224171539961,
        157.17218973359323
      ],
      "eye_r": [
        2.7438127090301005,
        210.37591973244147,
        91.20468227424749
      ],
      "ear_l": [
        1.934826883910387,
        135.37678207739307,
        178.63136456211814
      ],
      "ear_r": [
        2.25,
        131.47222222222223,
        76.94444444444444
      ],
      "eye_mid": [
        2.927137023780807,
        210.44916844321878,
        124.18843600392036
      ],
      "ear_mid": [
        2.0924134419551934,
        133.42450214980767,
        127.78790450328128
      ]
    },
    "spacing_mm": 1.0
  }
}