{
  "case_id": "CQ500CT48",
  "residual": {
    "rz_eyes_rad": 0.0020661098484994556,
    "rz_ears_rad": 0.00721483208191442,
    "ry_eyes_rad": 0.048474307466316764,
    "ry_ears_rad": 0.0408416352615113,
    "rx_om_rad": 0.3623159623645664,
    "rz_eyes_deg": 0.11837937432943273,
    "rz_ears_deg": 0.4133794281892813,
    "ry_eyes_deg": 2.7773732326394454,
    "ry_ears_deg": 2.34005332889728,
    "rx_om_deg": 20.75917549371043,
    "centroids_zyx": {
      "eye_l": [
        43.196566409369176,
        206.032605802502,
        155.72171945701356
      ],
      "eye_r": [
        46.308930425752855,
        205.90005192107995,
        91.56555036344756
      ],
      "ear_l": [
        12.564766839378239,
        127.55613126079447,
        178.49971214738054
      ],
      "ear_r": [
        17.188627665390925,
        126.73974849644614,
        65.34827774740295
      ],
      "eye_mid": [
        44.752748417561016,
        205.96632886179097,
        123.64363491023056
      ],
      "ear_mid": [
        14.87669725238458,
        127.1479398786203,
        121.92399494739175
      ]
    },
    "spacing_mm": 1.0
  }
}