{
  "case_id": "CQ500CT140",
  "residual": {
    "rz_eyes_rad": 0.047633378630303466,
    "rz_ears_rad": 0.06091082438045789,
    "ry_eyes_rad": 0.029345096567200957,
    "ry_ears_rad": 0.05510545790380801,
    "rx_om_rad": 0.19623013428161906,
    "rz_eyes_deg": 2.7291915594650344,
    "rz_ears_deg": 3.4899331636627946,
    "ry_eyes_deg": 1.681350182704455,
    "ry_ears_deg": 3.1573101660240233,
    "rx_om_deg": 11.243158507622182,
    "centroids_zyx": {
      "eye_l": [
        22.0191856452726,
        190.43340234644583,
        145.10420979986196
      ],
      "eye_r": [
        23.529723695227464,
        187.9803237510466,
        93.64401339659503
      ],
      "ear_l": [
        6.245901639344262,
        121.42513661202186,
        166.48306010928962
      ],
      "ear_r": [
        11.253924284395199,
        115.88827331486611,
        75.6943674976916
      ],
      "eye_mid": [
        22.77445467025003,
        189.20686304874621,
        119.3741115982285
      ],
      "ear_mid": [
        8.74991296186973,
        118.65670496344399,
        121.0887138034906
      ]
    },
    "spacing_mm": 1.0
  }
}