{
  "case_id": "CQ500CT82",
  "residual": {
    "rz_eyes_rad": 0.032744641161145595,
    "rz_ears_rad": 0.05038266797556093,
    "ry_eyes_rad": 0.017874275899333894,
    "ry_ears_rad": 0.016415644225057476,
    "rx_om_rad": 0.06181266297358334,
    "rz_eyes_deg": 1.876129740203998,
    "rz_ears_deg": 2.8867142356085727,
    "ry_eyes_deg": 1.024120570884236,
    "ry_ears_deg": 0.9405471320840962,
    "rx_om_deg": 3.541604708850899,
    "centroids_zyx": {
      "eye_l": [
        7.533467106206106,
        176.05647126272038,
        144.0941665472266
      ],
      "eye_r": [
        8.671846194363972,
        173.97050302870687,
        80.41282591519621
      ],
      "ear_l": [
        2.4748700173310225,
        101.22183708838821,
        168.49740034662045
      ],
      "ear_r": [
        4.257425742574258,
        95.746699669967,
        59.91831683168317
      ],
      "eye_mid": [
        8.10265665028504,
        175.0134871457136,
        112.2534962312114
      ],
      "ear_mid": [
        3.3661478799526403,
        98.4842683791776,
        114.20785858915181
      ]
    },
    "spacing_mm": 1.0
  }
}