{
  "case_id": "CQ500CT239",
  "residual": {
    "rz_eyes_rad": 0.0731623808377446,
    "rz_ears_rad": 0.06339198351455114,
    "ry_eyes_rad": 0.0007593004913055299,
    "ry_ears_rad": 0.021539247444476772,
    "rx_om_rad": 0.18949643287045292,
    "rz_eyes_deg": 4.191895641131573,
    "rz_ears_deg": 3.632093110346671,
    "ry_eyes_deg": 0.04350471353401672,
    "ry_ears_deg": 1.234107972456463,
    "rx_om_deg": 10.857345836261077,
    "centroids_zyx": {
      "eye_l": [
        21.057434972184634,
        201.64952638700947,
        158.92542474815818
      ],
      "eye_r": [
        21.011346212818154,
        197.20070530512112,
        98.22646427476235
      ],
      "ear_l": [
        8.683333333333334,
        132.45555555555555,
        181.19722222222222
      ],
      "ear_r": [
        6.413364413364413,
        125.76689976689977,
        75.82595182595183
      ],
      "eye_mid": [
        21.034390592501396,
        199.4251158460653,
        128.57594451146025
      ],
      "ear_mid": [
        7.548348873348873,
        129.11122766122764,
        128.51158702408702
      ]
    },
    "spacing_mm": 1.0
  }
}