{
  "case_id": "CQ500CT24",
  "residual": {
    "rz_eyes_rad": 0.00874086192797937,
    "rz_ears_rad": 0.0038441798642707453,
    "ry_eyes_rad": 0.08746801574483723,
    "ry_ears_rad": 0.06463631196055664,
    "rx_om_rad": 0.27348629344366104,
    "rz_eyes_deg": 0.5008144977798016,
    "rz_ears_deg": 0.22025528191188737,
    "ry_eyes_deg": 5.011548144563007,
    "ry_ears_deg": 3.703387878630859,
    "rx_om_deg": 15.669610368998136,
    "centroids_zyx": {
      "eye_l": [
        41.50660501981506,
        204.94768824306473,
        153.89035667107
      ],
      "eye_r": [
        35.94054054054054,
        204.39286486486486,
        90.4172972972973
      ],
      "ear_l": [
        23.766379310344828,
        138.74224137931034,
        177.925
      ],
      "ear_r": [
        16.809057527539778,
        139.15544675642596,
        70.43696450428396
      ],
      "eye_mid": [
        38.723572780177804,
        204.6702765539648,
        122.15382698418365
      ],
      "ear_mid": [
        20.287718418942305,
        138.94884406786815,
        124.18098225214199
      ]
    },
    "spacing_mm": 1.0
  }
}