{
  "case_id": "CQ500CT100",
  "images_dir": "D:\\Projects\\test_for_senior_in_3d_team\\data\\cq500_train_mpr_1mm",
  "spacing_mm": 1.0,
  "planes": {
    "axial": {
      "png": "CQ500CT100_axial.png",
      "p0": [
        146.48200000000003,
        44.23964000000001
      ],
      "p1": [
        157.70200000000003,
        259.66364000000004
      ],
      "shape_yx": [
        250,
        250
      ],
      "slice_index": 84
    },
    "coronal": {
      "png": "CQ500CT100_coronal.png",
      "p0": [
        154.5,
        45.47729999999996
      ],
      "p1": [
        149.98285714285714,
        195.10765714285714
      ],
      "shape_yx": [
        168,
        250
      ],
      "slice_index": 125
    },
    "sagittal": {
      "png": "CQ500CT100_sagittal.png",
      "p0": [
        273.362857142857,
        123.39801428571425
      ],
      "p1": [
        277.8799999999999,
        3.1290857142856225
      ],
      "shape_yx": [
        168,
        250
      ],
      "slice_index": 125
    }
  },
  "complete": true,
  "annotated_at": "2026-07-04T11:51:05.372013+00:00"
}