{
  "case_id": "CQ500CT10",
  "images_dir": "D:\\Projects\\test_for_senior_in_3d_team\\data\\cq500_train_mpr_1mm",
  "spacing_mm": 1.0,
  "planes": {
    "axial": {
      "png": "CQ500CT10_axial.png",
      "p0": [
        153.21400000000003,
        38.629639999999995
      ],
      "p1": [
        163.87300000000002,
        247.88264000000004
      ],
      "shape_yx": [
        238,
        238
      ],
      "slice_index": 70
    },
    "coronal": {
      "png": "CQ500CT10_coronal.png",
      "p0": [
        160.14642857142854,
        163.97444285714286
      ],
      "p1": [
        156.75857142857143,
        31.848014285714328
      ],
      "shape_yx": [
        141,
        238
      ],
      "slice_index": 119
    },
    "sagittal": {
      "png": "CQ500CT10_sagittal.png",
      "p0": [
        259.2467857142856,
        1.3573000000000661
      ],
      "p1": [
        266.0224999999999,
        82.66587142857145
      ],
      "shape_yx": [
        141,
        238
      ],
      "slice_index": 119
    }
  },
  "complete": true,
  "annotated_at": "2026-07-04T11:50:41.217548+00:00"
}