{
  "case_id": "CQ500CT117",
  "images_dir": "D:\\Projects\\test_for_senior_in_3d_team\\data\\cq500_train_mpr_1mm",
  "spacing_mm": 1.0,
  "planes": {
    "axial": {
      "png": "CQ500CT117_axial.png",
      "p0": [
        144.23800000000003,
        53.77664000000004
      ],
      "p1": [
        161.06800000000004,
        260.22464
      ],
      "shape_yx": [
        250,
        250
      ],
      "slice_index": 73
    },
    "coronal": {
      "png": "CQ500CT117_coronal.png",
      "p0": [
        155.06464285714281,
        171.4440857142857
      ],
      "p1": [
        152.80607142857139,
        17.296585714285754
      ],
      "shape_yx": [
        146,
        250
      ],
      "slice_index": 125
    },
    "sagittal": {
      "png": "CQ500CT117_sagittal.png",
      "p0": [
        267.7164285714284,
        0.3573000000000661
      ],
      "p1": [
        279.0092857142856,
        94.65265714285715
      ],
      "shape_yx": [
        146,
        250
      ],
      "slice_index": 125
    }
  },
  "complete": true,
  "annotated_at": "2026-07-04T11:53:40.232207+00:00"
}