{
  "case_id": "CQ500CT114",
  "images_dir": "D:\\Projects\\test_for_senior_in_3d_team\\data\\cq500_train_mpr_1mm",
  "spacing_mm": 1.0,
  "planes": {
    "axial": {
      "png": "CQ500CT114_axial.png",
      "p0": [
        153.21400000000003,
        67.24064000000004
      ],
      "p1": [
        177.89800000000002,
        248.44364000000002
      ],
      "shape_yx": [
        277,
        277
      ],
      "slice_index": 81
    },
    "coronal": {
      "png": "CQ500CT114_coronal.png",
      "p0": [
        169.74535714285713,
        172.00872857142858
      ],
      "p1": [
        164.09892857142853,
        28.024800000000027
      ],
      "shape_yx": [
        162,
        277
      ],
      "slice_index": 138
    },
    "sagittal": {
      "png": "CQ500CT114_sagittal.png",
      "p0": [
        266.0224999999999,
        8.262300000000039
      ],
      "p1": [
        257.5528571428571,
        104.81622857142858
      ],
      "shape_yx": [
        162,
        277
      ],
      "slice_index": 138
    }
  },
  "complete": true,
  "annotated_at": "2026-07-04T11:53:32.823318+00:00"
}