{
  "case_id": "CQ500CT105",
  "images_dir": "D:\\Projects\\test_for_senior_in_3d_team\\data\\cq500_train_mpr_1mm",
  "spacing_mm": 1.0,
  "planes": {
    "axial": {
      "png": "CQ500CT105_axial.png",
      "p0": [
        154.89700000000002,
        279.29864000000003
      ],
      "p1": [
        156.01900000000003,
        30.21464000000003
      ],
      "shape_yx": [
        204,
        204
      ],
      "slice_index": 72
    },
    "coronal": {
      "png": "CQ500CT105_coronal.png",
      "p0": [
        153.93535714285713,
        30.020871428571468
      ],
      "p1": [
        157.88785714285711,
        211.8358714285714
      ],
      "shape_yx": [
        145,
        204
      ],
      "slice_index": 102
    },
    "sagittal": {
      "png": "CQ500CT105_sagittal.png",
      "p0": [
        284.09107142857135,
        6.305871428571493
      ],
      "p1": [
        290.3021428571427,
        109.6355142857143
      ],
      "shape_yx": [
        145,
        204
      ],
      "slice_index": 102
    }
  },
  "complete": true,
  "annotated_at": "2026-07-04T11:52:12.465495+00:00"
}