{
  "case_id": "CQ500CT12",
  "images_dir": "D:\\Projects\\test_for_senior_in_3d_team\\data\\cq500_train_mpr_1mm",
  "spacing_mm": 1.0,
  "planes": {
    "axial": {
      "png": "CQ500CT12_axial.png",
      "p0": [
        157.70200000000003,
        47.044640000000015
      ],
      "p1": [
        150.97000000000003,
        242.27264000000002
      ],
      "shape_yx": [
        251,
        251
      ],
      "slice_index": 90
    },
    "coronal": {
      "png": "CQ500CT12_coronal.png",
      "p0": [
        161.8403571428571,
        23.115871428571495
      ],
      "p1": [
        150.54749999999996,
        203.80158571428575
      ],
      "shape_yx": [
        180,
        251
      ],
      "slice_index": 125
    },
    "sagittal": {
      "png": "CQ500CT12_sagittal.png",
      "p0": [
        260.9407142857142,
        155.24230000000003
      ],
      "p1": [
        281.83249999999987,
        51.34801428571433
      ],
      "shape_yx": [
        180,
        251
      ],
      "slice_index": 125
    }
  },
  "complete": true,
  "annotated_at": "2026-07-04T11:54:32.217573+00:00"
}