{
  "case_id": "CQ500CT103",
  "images_dir": "D:\\Projects\\test_for_senior_in_3d_team\\data\\cq500_train_mpr_1mm",
  "spacing_mm": 1.0,
  "planes": {
    "axial": {
      "png": "CQ500CT103_axial.png",
      "p0": [
        144.79900000000004,
        52.65464000000003
      ],
      "p1": [
        161.06800000000004,
        256.29764
      ],
      "shape_yx": [
        220,
        220
      ],
      "slice_index": 80
    },
    "coronal": {
      "png": "CQ500CT103_coronal.png",
      "p0": [
        152.80607142857139,
        39.296585714285754
      ],
      "p1": [
        151.6767857142857,
        192.8794428571429
      ],
      "shape_yx": [
        160,
        220
      ],
      "slice_index": 110
    },
    "sagittal": {
      "png": "CQ500CT103_sagittal.png",
      "p0": [
        270.5396428571428,
        4.288728571428635
      ],
      "p1": [
        275.6214285714285,
        112.13551428571432
      ],
      "shape_yx": [
        160,
        220
      ],
      "slice_index": 110
    }
  },
  "complete": true,
  "annotated_at": "2026-07-04T11:52:05.379199+00:00"
}