{
  "case_id": "CQ500CT106",
  "images_dir": "D:\\Projects\\test_for_senior_in_3d_team\\data\\cq500_train_mpr_1mm",
  "spacing_mm": 1.0,
  "planes": {
    "axial": {
      "png": "CQ500CT106_axial.png",
      "p0": [
        151.53100000000003,
        21.238640000000032
      ],
      "p1": [
        145.36,
        265.83464000000004
      ],
      "shape_yx": [
        220,
        220
      ],
      "slice_index": 80
    },
    "coronal": {
      "png": "CQ500CT106_coronal.png",
      "p0": [
        151.6767857142857,
        38.16730000000007
      ],
      "p1": [
        149.98285714285714,
        200.21980000000002
      ],
      "shape_yx": [
        160,
        220
      ],
      "slice_index": 110
    },
    "sagittal": {
      "png": "CQ500CT106_sagittal.png",
      "p0": [
        265.45785714285705,
        2.5948000000000206
      ],
      "p1": [
        274.49214285714277,
        109.8769428571429
      ],
      "shape_yx": [
        160,
        220
      ],
      "slice_index": 110
    }
  },
  "complete": true,
  "annotated_at": "2026-07-04T11:52:20.088686+00:00"
}