{
  "case_id": "CQ500CT102",
  "images_dir": "D:\\Projects\\test_for_senior_in_3d_team\\data\\cq500_train_mpr_1mm",
  "spacing_mm": 1.0,
  "planes": {
    "axial": {
      "png": "CQ500CT102_axial.png",
      "p0": [
        135.82300000000004,
        30.77564000000001
      ],
      "p1": [
        160.50700000000003,
        254.61464000000004
      ],
      "shape_yx": [
        232,
        232
      ],
      "slice_index": 75
    },
    "coronal": {
      "png": "CQ500CT102_coronal.png",
      "p0": [
        139.81928571428568,
        25.667299999999955
      ],
      "p1": [
        159.01714285714286,
        176.42694285714288
      ],
      "shape_yx": [
        150,
        232
      ],
      "slice_index": 116
    },
    "sagittal": {
      "png": "CQ500CT102_sagittal.png",
      "p0": [
        274.49214285714277,
        0.8230142857142937
      ],
      "p1": [
        285.78499999999985,
        98.50622857142855
      ],
      "shape_yx": [
        150,
        232
      ],
      "slice_index": 116
    }
  },
  "complete": true,
  "annotated_at": "2026-07-04T11:51:32.374726+00:00"
}