{
  "case_id": "CQ500CT113",
  "images_dir": "D:\\Projects\\test_for_senior_in_3d_team\\data\\cq500_train_mpr_1mm",
  "spacing_mm": 1.0,
  "planes": {
    "axial": {
      "png": "CQ500CT113_axial.png",
      "p0": [
        138.62800000000001,
        38.629639999999995
      ],
      "p1": [
        158.26300000000003,
        254.05364000000003
      ],
      "shape_yx": [
        240,
        240
      ],
      "slice_index": 85
    },
    "coronal": {
      "png": "CQ500CT113_coronal.png",
      "p0": [
        148.8535714285714,
        211.27122857142857
      ],
      "p1": [
        151.11214285714283,
        40.74908571428574
      ],
      "shape_yx": [
        171,
        240
      ],
      "slice_index": 120
    },
    "sagittal": {
      "png": "CQ500CT113_sagittal.png",
      "p0": [
        278.44464285714275,
        16.469442857142894
      ],
      "p1": [
        264.8932142857142,
        139.56158571428574
      ],
      "shape_yx": [
        171,
        240
      ],
      "slice_index": 120
    }
  },
  "complete": true,
  "annotated_at": "2026-07-04T11:53:20.946508+00:00"
}