{
  "case_id": "CQ500CT0",
  "images_dir": "D:\\Projects\\test_for_senior_in_3d_team\\data\\cq500_train_mpr_1mm",
  "spacing_mm": 1.0,
  "planes": {
    "axial": {
      "png": "CQ500CT0_axial.png",
      "p0": [
        164.99500000000003,
        49.84964000000002
      ],
      "p1": [
        147.604,
        260.22464
      ],
      "shape_yx": [
        231,
        231
      ],
      "slice_index": 76
    },
    "coronal": {
      "png": "CQ500CT0_coronal.png",
      "p0": [
        164.09892857142853,
        173.9744428571429
      ],
      "p1": [
        151.6767857142857,
        48.05908571428574
      ],
      "shape_yx": [
        152,
        231
      ],
      "slice_index": 115
    },
    "sagittal": {
      "png": "CQ500CT0_sagittal.png",
      "p0": [
        260.9407142857142,
        0.6290857142857362
      ],
      "p1": [
        279.0092857142856,
        84.1962285714286
      ],
      "shape_yx": [
        152,
        231
      ],
      "slice_index": 115
    }
  },
  "complete": true,
  "annotated_at": "2026-07-04T11:50:23.483238+00:00"
}