{
  "case_id": "CQ500CT119",
  "images_dir": "D:\\Projects\\test_for_senior_in_3d_team\\data\\cq500_train_mpr_1mm",
  "spacing_mm": 1.0,
  "planes": {
    "axial": {
      "png": "CQ500CT119_axial.png",
      "p0": [
        143.67700000000002,
        25.72664000000003
      ],
      "p1": [
        141.43300000000002,
        243.39464000000004
      ],
      "shape_yx": [
        250,
        250
      ],
      "slice_index": 80
    },
    "coronal": {
      "png": "CQ500CT119_coronal.png",
      "p0": [
        142.64249999999998,
        31.37837142857137
      ],
      "p1": [
        144.33642857142854,
        187.78444285714284
      ],
      "shape_yx": [
        161,
        250
      ],
      "slice_index": 125
    },
    "sagittal": {
      "png": "CQ500CT119_sagittal.png",
      "p0": [
        264.8932142857142,
        117.76872857142854
      ],
      "p1": [
        279.0092857142856,
        3.7108714285713518
      ],
      "shape_yx": [
        161,
        250
      ],
      "slice_index": 125
    }
  },
  "complete": true,
  "annotated_at": "2026-07-04T11:54:24.140666+00:00"
}