{
  "case_id": "CQ500CT109",
  "images_dir": "D:\\Projects\\test_for_senior_in_3d_team\\data\\cq500_train_mpr_1mm",
  "spacing_mm": 1.0,
  "planes": {
    "axial": {
      "png": "CQ500CT109_axial.png",
      "p0": [
        147.604,
        253.49264000000005
      ],
      "p1": [
        150.97000000000003,
        30.21464000000003
      ],
      "shape_yx": [
        250,
        250
      ],
      "slice_index": 80
    },
    "coronal": {
      "png": "CQ500CT109_coronal.png",
      "p0": [
        152.80607142857139,
        180.50872857142855
      ],
      "p1": [
        143.77178571428567,
        37.08944285714284
      ],
      "shape_yx": [
        160,
        250
      ],
      "slice_index": 125
    },
    "sagittal": {
      "png": "CQ500CT109_sagittal.png",
      "p0": [
        287.47892857142847,
        6.59872857142858
      ],
      "p1": [
        251.90642857142848,
        129.6908714285714
      ],
      "shape_yx": [
        160,
        250
      ],
      "slice_index": 125
    }
  },
  "complete": true,
  "annotated_at": "2026-07-04T11:52:37.317218+00:00"
}