{
  "case_id": "CQ500CT118",
  "images_dir": "D:\\Projects\\test_for_senior_in_3d_team\\data\\cq500_train_mpr_1mm",
  "spacing_mm": 1.0,
  "planes": {
    "axial": {
      "png": "CQ500CT118_axial.png",
      "p0": [
        156.01900000000003,
        52.09363999999999
      ],
      "p1": [
        149.28700000000003,
        256.29764
      ],
      "shape_yx": [
        250,
        250
      ],
      "slice_index": 73
    },
    "coronal": {
      "png": "CQ500CT118_coronal.png",
      "p0": [
        159.58178571428567,
        20.619799999999998
      ],
      "p1": [
        151.6767857142857,
        169.6855142857143
      ],
      "shape_yx": [
        147,
        250
      ],
      "slice_index": 125
    },
    "sagittal": {
      "png": "CQ500CT118_sagittal.png",
      "p0": [
        262.06999999999994,
        4.245157142857124
      ],
      "p1": [
        272.79821428571415,
        79.90729999999999
      ],
      "shape_yx": [
        147,
        250
      ],
      "slice_index": 125
    }
  },
  "complete": true,
  "annotated_at": "2026-07-04T11:54:04.702713+00:00"
}