{
  "case_id": "CQ500CT111",
  "images_dir": "D:\\Projects\\test_for_senior_in_3d_team\\data\\cq500_train_mpr_1mm",
  "spacing_mm": 1.0,
  "planes": {
    "axial": {
      "png": "CQ500CT111_axial.png",
      "p0": [
        135.82300000000004,
        30.21464000000003
      ],
      "p1": [
        167.80000000000004,
        258.54164000000003
      ],
      "shape_yx": [
        206,
        206
      ],
      "slice_index": 85
    },
    "coronal": {
      "png": "CQ500CT111_coronal.png",
      "p0": [
        161.2757142857143,
        236.67622857142857
      ],
      "p1": [
        147.7242857142857,
        52.03801428571427
      ],
      "shape_yx": [
        170,
        206
      ],
      "slice_index": 103
    },
    "sagittal": {
      "png": "CQ500CT111_sagittal.png",
      "p0": [
        286.3496428571427,
        185.85837142857144
      ],
      "p1": [
        293.12535714285707,
        65.02479999999997
      ],
      "shape_yx": [
        170,
        206
      ],
      "slice_index": 103
    }
  },
  "complete": true,
  "annotated_at": "2026-07-04T11:53:08.168432+00:00"
}