{
  "case_id": "CQ500CT112",
  "images_dir": "D:\\Projects\\test_for_senior_in_3d_team\\data\\cq500_train_mpr_1mm",
  "spacing_mm": 1.0,
  "planes": {
    "axial": {
      "png": "CQ500CT112_axial.png",
      "p0": [
        141.99400000000003,
        39.75164000000001
      ],
      "p1": [
        156.58,
        259.66364000000004
      ],
      "shape_yx": [
        250,
        250
      ],
      "slice_index": 81
    },
    "coronal": {
      "png": "CQ500CT112_coronal.png",
      "p0": [
        143.77178571428567,
        196.75408571428574
      ],
      "p1": [
        155.6292857142857,
        49.94694285714286
      ],
      "shape_yx": [
        162,
        250
      ],
      "slice_index": 125
    },
    "sagittal": {
      "png": "CQ500CT112_sagittal.png",
      "p0": [
        260.3760714285713,
        140.85444285714286
      ],
      "p1": [
        276.18607142857127,
        27.36122857142857
      ],
      "shape_yx": [
        162,
        250
      ],
      "slice_index": 125
    }
  },
  "complete": true,
  "annotated_at": "2026-07-04T11:53:16.097412+00:00"
}